userID,firstName,lastName,dob,mailID,gender,role
sginnelly0,Smitty,Ginnelly,11-04-1977,sginnelly0@ucoz.com,m,tribe_master
mbredes1,Maxine,Bredes,30-04-1980,mbredes1@google.co.uk,f,tribe_master
lcastri2,Lynn,Castri,08-05-1998,lcastri2@moonfruit.com,m,sr_software_engineer
ptwinberrow3,Pollyanna,Twinberrow,21-04-1983,ptwinberrow3@usda.gov,m,tribe_master
adrinkale4,Aleta,Drinkale,16-06-1980,adrinkale4@answers.com,m,tribe_master
barens5,Brod,Arens,25-09-1996,barens5@google.com,m,sr_software_engineer
dstammers6,Deerdre,Stammers,06-03-1983,dstammers6@google.com.hk,m,tribe_master
apashby7,Antonius,Pashby,05-04-1978,apashby7@de.vu,m,tribe_master
jboorer8,Janean,Boorer,12-09-1991,jboorer8@stumbleupon.com,m,solution_enabler
eelsie9,Ermentrude,Elsie,16-10-1989,eelsie9@github.com,f,solution_enabler
mhounsoma,Min,Hounsom,23-08-1975,mhounsoma@wisc.edu,m,admin
iveldenb,Iggy,Velden,28-04-1999,iveldenb@webeden.co.uk,m,sr_software_engineer
tsnasdellc,Thornie,Snasdell,02-03-1992,tsnasdellc@icio.us,f,solution_enabler
vpoleykettd,Valerye,Poleykett,11-01-1988,vpoleykettd@upenn.edu,m,solution_enabler
wchicchellie,Warner,Chicchelli,19-10-1983,wchicchellie@utexas.edu,f,tribe_master
basmanf,Boniface,Asman,05-07-1989,basmanf@creativecommons.org,f,solution_enabler
dspeedyg,Debbie,Speedy,02-06-1991,dspeedyg@wisc.edu,m,solution_enabler
bmellowsh,Berrie,Mellows,06-05-1988,bmellowsh@adobe.com,m,solution_enabler
wcowdrayi,Walden,Cowdray,30-08-1972,wcowdrayi@drupal.org,f,admin
rsuggej,Ray,Sugge,20-08-1990,rsuggej@google.nl,f,solution_enabler
fwearnek,Felix,Wearne,28-07-1998,fwearnek@cafepress.com,m,sr_software_engineer
rhealingl,Riobard,Healing,18-11-1997,rhealingl@spiegel.de,f,sr_software_engineer
mtoulchm,Maxie,Toulch,01-04-1971,mtoulchm@oracle.com,m,admin
mhuglin,Marj,Hugli,24-08-1977,mhuglin@hibu.com,m,tribe_master
mknighto,Mozes,Knight,20-11-1983,mknighto@biglobe.ne.jp,m,tribe_master
lfisbeyp,Langsdon,Fisbey,17-08-1982,lfisbeyp@businesswire.com,m,tribe_master
amaryottq,Alejandrina,Maryott,10-06-1986,amaryottq@google.co.uk,f,solution_enabler
smcfetrichr,Skell,McFetrich,23-01-1991,smcfetrichr@surveymonkey.com,m,solution_enabler
fraises,Florida,Raise,27-08-2000,fraises@tinypic.com,f,software_engineer
hmaccostot,Hurleigh,MacCosto,31-12-1996,hmaccostot@mozilla.com,f,sr_software_engineer
mweavingu,Milena,Weaving,23-06-1998,mweavingu@qq.com,f,sr_software_engineer
dbydawayv,Dunstan,Bydaway,11-02-1977,dbydawayv@unesco.org,f,tribe_master
eoliphantw,Errick,Oliphant,29-05-1996,eoliphantw@rediff.com,m,sr_software_engineer
akylesx,Ange,Kyles,28-06-1989,akylesx@networkadvertising.org,f,solution_enabler
mcrollmany,Martino,Crollman,30-10-1972,mcrollmany@nyu.edu,m,admin
ngaukrodgez,Niki,Gaukrodge,08-03-2001,ngaukrodgez@goo.ne.jp,m,software_engineer
fmacaleese10,Feliks,MacAleese,20-01-1982,fmacaleese10@icq.com,f,tribe_master
ocarnalan11,Olwen,Carnalan,06-11-2000,ocarnalan11@theatlantic.com,m,software_engineer
acoult12,Addia,Coult,21-03-2000,acoult12@pen.io,f,software_engineer
rwestall13,Rhoda,Westall,28-07-1979,rwestall13@senate.gov,f,tribe_master
dstave14,Dot,Stave,23-10-1988,dstave14@lycos.com,f,solution_enabler
wyitzhak15,Whit,Yitzhak,10-03-1990,wyitzhak15@dedecms.com,m,solution_enabler
mshiels16,Melicent,Shiels,24-09-1970,mshiels16@cmu.edu,f,admin
igallant17,Iggy,Gallant,29-08-1992,igallant17@sciencedaily.com,m,solution_enabler
rralling18,Raynell,Ralling,17-07-1985,rralling18@mtv.com,m,solution_enabler
istoyell19,Ichabod,Stoyell,24-07-1977,istoyell19@ft.com,m,tribe_master
jbourtoumieux1a,Joey,Bourtoumieux,30-03-1972,jbourtoumieux1a@wsj.com,m,admin
cnoods1b,Cecile,Noods,21-05-2000,cnoods1b@nih.gov,m,software_engineer
mohickey1c,Marna,O'Hickey,08-05-1986,mohickey1c@chicagotribune.com,f,solution_enabler
aricket1d,Alicea,Ricket,05-04-1978,aricket1d@economist.com,f,tribe_master
sputman1e,Stormy,Putman,08-12-1974,sputman1e@sogou.com,m,admin
ytayloe1f,Yetta,Tayloe,01-02-1991,ytayloe1f@apple.com,f,solution_enabler
kgreatham1g,Kalie,Greatham,04-01-1984,kgreatham1g@amazon.co.uk,m,tribe_master
hcawdron1h,Hattie,Cawdron,19-04-1991,hcawdron1h@dot.gov,m,solution_enabler
eleggott1i,Eilis,Leggott,22-04-1973,eleggott1i@multiply.com,m,admin
mtitheridge1j,Mitchell,Titheridge,28-03-1989,mtitheridge1j@paginegialle.it,m,solution_enabler
ibunn1k,Ingra,Bunn,22-05-2000,ibunn1k@typepad.com,f,software_engineer
ttickle1l,Tanney,Tickle,01-12-1991,ttickle1l@sciencedirect.com,f,solution_enabler
amazzeo1m,Aldon,Mazzeo,23-12-1971,amazzeo1m@google.cn,m,admin
hgiblett1n,Harley,Giblett,01-08-1998,hgiblett1n@freewebs.com,m,sr_software_engineer
fcullabine1o,Felecia,Cullabine,22-11-2000,fcullabine1o@prnewswire.com,m,software_engineer
btillerton1p,Boone,Tillerton,07-09-1993,btillerton1p@youtu.be,m,solution_enabler
sphilipsen1q,Sibyl,Philipsen,01-03-1989,sphilipsen1q@state.gov,f,solution_enabler
bbastard1r,Brad,Bastard,15-09-1992,bbastard1r@nbcnews.com,f,solution_enabler
cspiers1s,Clarke,Spiers,17-06-1986,cspiers1s@barnesandnoble.com,f,solution_enabler
rhurll1t,Ruth,Hurll,27-03-2001,rhurll1t@shop-pro.jp,m,software_engineer
rdunthorn1u,Ralf,Dunthorn,28-11-1998,rdunthorn1u@si.edu,f,sr_software_engineer
cgillbee1v,Chaunce,Gillbee,26-03-1997,cgillbee1v@msu.edu,f,sr_software_engineer
shimsworth1w,Sunny,Himsworth,06-09-1971,shimsworth1w@adobe.com,m,admin
cvonnassau1x,Cash,von Nassau,14-09-1989,cvonnassau1x@ameblo.jp,m,solution_enabler
sgoater1y,Shanon,Goater,01-10-1974,sgoater1y@cnbc.com,m,admin
asheeres1z,Albrecht,Sheeres,19-12-1987,asheeres1z@blogtalkradio.com,f,solution_enabler
lgoodale20,Leonelle,Goodale,15-07-1992,lgoodale20@chron.com,m,solution_enabler
bklulisek21,Burl,Klulisek,03-01-1999,bklulisek21@gnu.org,m,sr_software_engineer
wboost22,Webb,Boost,29-03-1987,wboost22@sohu.com,m,solution_enabler
ceggins23,Corey,Eggins,09-07-1995,ceggins23@xrea.com,m,sr_software_engineer
rnetley24,Row,Netley,25-05-1989,rnetley24@seattletimes.com,m,solution_enabler
wreese25,Waiter,Reese,22-04-1972,wreese25@vkontakte.ru,m,admin
ahampe26,Alysia,Hampe,15-08-1994,ahampe26@skyrock.com,f,solution_enabler
cclew27,Charlena,Clew,26-11-1984,cclew27@blinklist.com,f,tribe_master
lbroader28,Lynne,Broader,04-09-1981,lbroader28@blinklist.com,m,tribe_master
sortzen29,Shepard,Ortzen,12-09-1973,sortzen29@zdnet.com,m,admin
gproppers2a,Gussie,Proppers,08-02-1981,gproppers2a@nps.gov,m,tribe_master
ktetsall2b,Kathlin,Tetsall,04-05-1975,ktetsall2b@thetimes.co.uk,m,admin
sboosey2c,Sibyl,Boosey,20-11-1979,sboosey2c@ehow.com,m,tribe_master
dmcelrath2d,Danit,McElrath,08-12-2000,dmcelrath2d@cargocollective.com,m,software_engineer
eskellen2e,Estel,Skellen,01-03-2001,eskellen2e@yahoo.com,m,software_engineer
gmacquire2f,Gael,Macquire,30-04-1974,gmacquire2f@sitemeter.com,m,admin
tteek2g,Tamara,Teek,07-05-1991,tteek2g@mtv.com,f,solution_enabler
cambrogioli2h,Cyrill,Ambrogioli,14-07-1984,cambrogioli2h@youku.com,f,tribe_master
mhobden2i,Moria,Hobden,05-03-1989,mhobden2i@t.co,f,solution_enabler
gpotapczuk2j,Georgette,Potapczuk,18-02-1992,gpotapczuk2j@boston.com,m,solution_enabler
pdanniel2k,Phyllys,Danniel,13-07-2000,pdanniel2k@google.pl,m,software_engineer
tlympenie2l,Tiffi,Lympenie,07-04-1983,tlympenie2l@europa.eu,f,tribe_master
mstoaks2m,Maximilian,Stoaks,11-12-1983,mstoaks2m@ftc.gov,m,tribe_master
bslocumb2n,Belle,Slocumb,05-04-1976,bslocumb2n@chron.com,m,admin
cchoppen2o,Cathie,Choppen,15-03-1972,cchoppen2o@samsung.com,f,admin
mfullman2p,Mervin,Fullman,20-06-1996,mfullman2p@independent.co.uk,m,sr_software_engineer
cbrahmer2q,Catherin,Brahmer,07-06-1972,cbrahmer2q@mtv.com,m,admin
hnanetti2r,Haven,Nanetti,29-12-1981,hnanetti2r@xrea.com,f,tribe_master
hmangan2s,Huntlee,Mangan,01-01-1996,hmangan2s@lycos.com,m,sr_software_engineer
fmcdonell2t,Flem,McDonell,18-02-1979,fmcdonell2t@simplemachines.org,m,tribe_master
rbezzant2u,Ree,Bezzant,06-04-1980,rbezzant2u@bbc.co.uk,f,tribe_master
bpierrepont2v,Brigida,Pierrepont,14-08-1977,bpierrepont2v@goo.ne.jp,m,tribe_master
rcalcut2w,Rockwell,Calcut,19-04-1985,rcalcut2w@biglobe.ne.jp,m,solution_enabler
fmaryan2x,Flinn,Maryan,26-12-1970,fmaryan2x@cbc.ca,m,admin
nbrandon2y,Nealon,Brandon,24-08-1972,nbrandon2y@blogger.com,m,admin
mlaurenson2z,Mike,Laurenson,10-09-1971,mlaurenson2z@sciencedaily.com,f,admin
klarkby30,Ketty,Larkby,10-02-1972,klarkby30@shutterfly.com,m,admin
darthurs31,Debbie,Arthurs,22-06-1998,darthurs31@google.com,f,sr_software_engineer
opatley32,Olenka,Patley,11-03-1992,opatley32@weebly.com,f,solution_enabler
ceagling33,Cindra,Eagling,16-10-1975,ceagling33@com.com,m,admin
hbearman34,Haydon,Bearman,29-07-1974,hbearman34@multiply.com,m,admin
cwarriner35,Claudia,Warriner,10-03-1992,cwarriner35@friendfeed.com,m,solution_enabler
rhebblewhite36,Reinhold,Hebblewhite,04-04-1991,rhebblewhite36@pen.io,m,solution_enabler
broggero37,Babb,Roggero,10-11-1970,broggero37@icq.com,m,admin
asmiths38,Arielle,Smiths,13-02-1976,asmiths38@cargocollective.com,f,admin
hbraitling39,Hartwell,Braitling,08-11-1984,hbraitling39@moonfruit.com,f,tribe_master
kmaccart3a,Karia,MacCart,25-12-1977,kmaccart3a@addtoany.com,m,tribe_master
nshrigley3b,Noelani,Shrigley,07-11-1981,nshrigley3b@shutterfly.com,f,tribe_master
cwhitbread3c,Cheston,Whitbread,26-02-1973,cwhitbread3c@about.com,m,admin
lgooddy3d,Luisa,Gooddy,04-12-1980,lgooddy3d@umich.edu,f,tribe_master
escampion3e,Erasmus,Scampion,23-08-1975,escampion3e@bandcamp.com,m,admin
mmccaffrey3f,Marcelo,McCaffrey,22-01-1981,mmccaffrey3f@unesco.org,m,tribe_master
bblacklock3g,Brandyn,Blacklock,02-05-1990,bblacklock3g@comcast.net,m,solution_enabler
dtrevon3h,Dallas,Trevon,02-11-1998,dtrevon3h@vk.com,f,sr_software_engineer
ddimitriades3i,Demott,Dimitriades,18-03-1977,ddimitriades3i@hexun.com,m,tribe_master
stowey3j,Shelba,Towey,23-10-1984,stowey3j@topsy.com,f,tribe_master
jblackford3k,Jonie,Blackford,14-02-1994,jblackford3k@hubpages.com,m,solution_enabler
llowther3l,Lexi,Lowther,02-03-1970,llowther3l@bloglines.com,f,admin
kbadger3m,Kennie,Badger,23-06-1993,kbadger3m@usgs.gov,m,solution_enabler
cgianullo3n,Celisse,Gianullo,13-01-1999,cgianullo3n@topsy.com,m,sr_software_engineer
jgodbold3o,Jany,Godbold,30-11-1982,jgodbold3o@latimes.com,m,tribe_master
lhempel3p,Lawry,Hempel,04-07-1985,lhempel3p@sogou.com,m,solution_enabler
ngors3q,Nicolai,Gors,19-04-1976,ngors3q@princeton.edu,f,admin
maronin3r,Melli,Aronin,11-01-1988,maronin3r@craigslist.org,m,solution_enabler
hjoseland3s,Herbert,Joseland,26-01-1997,hjoseland3s@arstechnica.com,f,sr_software_engineer
njessopp3t,Nickie,Jessopp,28-12-1996,njessopp3t@dagondesign.com,m,sr_software_engineer
mcornall3u,Mia,Cornall,26-12-2001,mcornall3u@mozilla.com,f,software_engineer
jvigrass3v,Jerrold,Vigrass,10-10-2000,jvigrass3v@java.com,f,software_engineer
gbattson3w,Giacinta,Battson,03-04-1999,gbattson3w@godaddy.com,f,sr_software_engineer
oilem3x,Othelia,Ilem,03-11-1985,oilem3x@bravesites.com,m,solution_enabler
rdeamaya3y,Ryann,de Amaya,22-10-1984,rdeamaya3y@examiner.com,f,tribe_master
ghuban3z,Gordie,Huban,28-08-2000,ghuban3z@opera.com,f,software_engineer
bbengough40,Bord,Bengough,11-01-1983,bbengough40@google.pl,m,tribe_master
npickton41,Neila,Pickton,04-06-1978,npickton41@infoseek.co.jp,m,tribe_master
dpinkett42,Darya,Pinkett,12-08-1988,dpinkett42@comsenz.com,m,solution_enabler
dolagen43,Dacey,O'Lagen,06-04-1979,dolagen43@patch.com,m,tribe_master
hdarinton44,Harli,Darinton,20-12-1997,hdarinton44@dropbox.com,m,sr_software_engineer
emulliss45,Elsinore,Mulliss,18-04-1980,emulliss45@wp.com,f,tribe_master
ldrewe46,Liv,Drewe,09-05-1979,ldrewe46@freewebs.com,m,tribe_master
ckopps47,Cecelia,Kopps,18-06-1971,ckopps47@newsvine.com,f,admin
mbulgen48,Marita,Bulgen,06-05-1989,mbulgen48@vkontakte.ru,m,solution_enabler
mfellgate49,Meggie,Fellgate,01-11-1999,mfellgate49@merriam-webster.com,f,sr_software_engineer
sbrombell4a,Shauna,Brombell,12-04-1992,sbrombell4a@youtu.be,m,solution_enabler
mhinder4b,Morgen,Hinder,06-05-1997,mhinder4b@gizmodo.com,f,sr_software_engineer
dcaddie4c,Dill,Caddie,06-03-1982,dcaddie4c@w3.org,f,tribe_master
deckly4d,Doti,Eckly,07-10-1979,deckly4d@nature.com,m,tribe_master
lbanat4e,Lark,Banat,09-07-1971,lbanat4e@alibaba.com,m,admin
aspurdens4f,Anatol,Spurdens,27-03-2001,aspurdens4f@skyrock.com,m,software_engineer
jmacparland4g,Joellen,MacParland,06-07-2000,jmacparland4g@vimeo.com,m,software_engineer
mwitherdon4h,Maxie,Witherdon,22-03-1985,mwitherdon4h@opensource.org,m,solution_enabler
dlauder4i,Dion,Lauder,15-07-1983,dlauder4i@typepad.com,f,tribe_master
lspaduzza4j,Liane,Spaduzza,16-08-1974,lspaduzza4j@w3.org,f,admin
ggribbins4k,Gabbie,Gribbins,13-12-1986,ggribbins4k@privacy.gov.au,m,solution_enabler
jscotchford4l,Jacynth,Scotchford,26-09-1984,jscotchford4l@hhs.gov,f,tribe_master
krawnsley4m,Kora,Rawnsley,25-05-1982,krawnsley4m@about.me,f,tribe_master
dpeevor4n,Delinda,Peevor,11-08-1971,dpeevor4n@shinystat.com,m,admin
acorbitt4o,Angeline,Corbitt,17-09-1971,acorbitt4o@sciencedirect.com,f,admin
alucy4p,Anet,Lucy,13-02-1970,alucy4p@weather.com,m,admin
lmcgiffie4q,Leoline,McGiffie,11-08-1986,lmcgiffie4q@scribd.com,m,solution_enabler
xminett4r,Xenia,Minett,04-03-1991,xminett4r@mapquest.com,f,solution_enabler
vcouper4s,Vachel,Couper,14-08-1979,vcouper4s@vkontakte.ru,f,tribe_master
hfifoot4t,Haleigh,Fifoot,31-03-1982,hfifoot4t@va.gov,m,tribe_master
cbezant4u,Cynthie,Bezant,21-06-1979,cbezant4u@shinystat.com,f,tribe_master
rlambshine4v,Retha,Lamb-shine,04-01-1993,rlambshine4v@google.cn,m,solution_enabler
adecent4w,Austen,Decent,29-05-1990,adecent4w@mac.com,f,solution_enabler
rsanti4x,Rhys,Santi,21-12-1987,rsanti4x@yale.edu,f,solution_enabler
nlockley4y,Natal,Lockley,29-11-1988,nlockley4y@flavors.me,f,solution_enabler
fdevillier4z,Felisha,de Villier,19-03-1995,fdevillier4z@wordpress.org,f,sr_software_engineer
aklimpt50,Annalee,Klimpt,05-09-1972,aklimpt50@cpanel.net,f,admin
cgrogona51,Carleen,Grogona,01-10-1973,cgrogona51@abc.net.au,m,admin
pcreffield52,Patrizia,Creffield,04-07-1990,pcreffield52@networkadvertising.org,m,solution_enabler
lnasey53,Latrena,Nasey,03-12-1970,lnasey53@whitehouse.gov,m,admin
itilt54,Iolande,Tilt,12-12-1991,itilt54@census.gov,m,solution_enabler
jdelooze55,Jeannette,Delooze,22-02-1994,jdelooze55@google.nl,f,solution_enabler
gstainfield56,Gerik,Stainfield,09-12-1978,gstainfield56@archive.org,f,tribe_master
tomullane57,Tricia,O' Mullane,29-07-1985,tomullane57@cafepress.com,m,solution_enabler
adeeks58,Anallese,Deeks,16-06-1986,adeeks58@hugedomains.com,m,solution_enabler
nmacgaffey59,Nomi,MacGaffey,27-08-1996,nmacgaffey59@shareasale.com,f,sr_software_engineer
swimms5a,Sutton,Wimms,11-10-1972,swimms5a@google.co.uk,m,admin
hkillough5b,Hamid,Killough,27-08-1981,hkillough5b@walmart.com,f,tribe_master
lhanretty5c,Lynn,Hanretty,13-04-1976,lhanretty5c@blogger.com,f,admin
ndictus5d,Normand,Dictus,02-03-1980,ndictus5d@microsoft.com,m,tribe_master
tstandrin5e,Tremaine,Standrin,07-08-1996,tstandrin5e@booking.com,f,sr_software_engineer
mpingstone5f,Maxie,Pingstone,03-09-1970,mpingstone5f@google.it,f,admin
ccaw5g,Curran,Caw,19-03-1991,ccaw5g@bloglines.com,f,solution_enabler
lmilsted5h,Lorraine,Milsted,10-01-2000,lmilsted5h@symantec.com,m,software_engineer
sglowacki5i,Simone,Glowacki,30-09-1981,sglowacki5i@europa.eu,m,tribe_master
mpetheridge5j,Massimiliano,Petheridge,11-03-1990,mpetheridge5j@pen.io,f,solution_enabler
cchastney5k,Corly,Chastney,05-01-1990,cchastney5k@e-recht24.de,m,solution_enabler
eblackett5l,Essa,Blackett,29-08-1972,eblackett5l@printfriendly.com,f,admin
rdyas5m,Ricardo,Dyas,14-02-1990,rdyas5m@cbc.ca,f,solution_enabler
everdy5n,Erma,Verdy,03-08-1979,everdy5n@rediff.com,m,tribe_master
bjozsef5o,Bat,Jozsef,05-07-1985,bjozsef5o@tripod.com,f,solution_enabler
kspira5p,Korney,Spira,24-09-1982,kspira5p@sbwire.com,f,tribe_master
hmichelle5q,Hardy,Michelle,03-04-1994,hmichelle5q@plala.or.jp,m,solution_enabler
rnutbean5r,Randal,Nutbean,15-05-1976,rnutbean5r@gravatar.com,f,admin
kedmand5s,Kerianne,Edmand,26-05-1983,kedmand5s@google.com,m,tribe_master
zcadge5t,Zebulon,Cadge,01-05-1977,zcadge5t@wikimedia.org,m,tribe_master
emartinello5u,Evie,Martinello,31-03-1999,emartinello5u@kickstarter.com,m,sr_software_engineer
lstollman5v,Lacey,Stollman,26-01-1991,lstollman5v@fc2.com,m,solution_enabler
ijobin5w,Isacco,Jobin,05-12-1987,ijobin5w@mit.edu,m,solution_enabler
rmangon5x,Ramonda,Mangon,20-08-2000,rmangon5x@bravesites.com,f,software_engineer
ksciacovelli5y,Karrie,Sciacovelli,10-04-1995,ksciacovelli5y@sakura.ne.jp,m,sr_software_engineer
rbrayford5z,Roze,Brayford,14-09-1972,rbrayford5z@youku.com,m,admin
zbarnhart60,Zahara,Barnhart,19-09-1998,zbarnhart60@illinois.edu,m,sr_software_engineer
sgayther61,Sam,Gayther,31-03-2001,sgayther61@xinhuanet.com,m,software_engineer
aolenikov62,Aluino,Olenikov,30-04-1980,aolenikov62@live.com,m,tribe_master
ecoysh63,Elsy,Coysh,25-02-1974,ecoysh63@soundcloud.com,f,admin
gsummerscales64,Gus,Summerscales,23-01-1971,gsummerscales64@yahoo.com,f,admin
dturner65,Donielle,Turner,07-01-1971,dturner65@japanpost.jp,m,admin
coakley66,Clim,Oakley,09-05-1981,coakley66@people.com.cn,m,tribe_master
rhitzmann67,Ranique,Hitzmann,05-06-1976,rhitzmann67@comsenz.com,f,admin
kluetkemeyer68,Krishna,Luetkemeyer,25-10-1970,kluetkemeyer68@about.com,m,admin
sredpath69,Shelly,Redpath,28-08-1981,sredpath69@hao123.com,m,tribe_master
mparmeter6a,Marnie,Parmeter,09-07-1999,mparmeter6a@wikimedia.org,m,sr_software_engineer
rescoffier6b,Rinaldo,Escoffier,14-10-1980,rescoffier6b@goo.gl,m,tribe_master
tpeile6c,Thibaut,Peile,03-11-1987,tpeile6c@dropbox.com,f,solution_enabler
vtingcomb6d,Valenka,Tingcomb,23-05-1994,vtingcomb6d@microsoft.com,f,solution_enabler
pive6e,Perri,Ive,06-03-1984,pive6e@google.co.jp,m,tribe_master
lfranzewitch6f,Linc,Franzewitch,26-05-2000,lfranzewitch6f@weebly.com,m,software_engineer
ielsay6g,Iorgos,Elsay,14-10-1981,ielsay6g@miitbeian.gov.cn,m,tribe_master
bwhalebelly6h,Bud,Whalebelly,24-01-1975,bwhalebelly6h@cnet.com,m,admin
bslowan6i,Barret,Slowan,06-01-1996,bslowan6i@jiathis.com,f,sr_software_engineer
pcrepin6j,Patricio,Crepin,06-07-1976,pcrepin6j@yahoo.com,m,admin
wgrout6k,Wilburt,Grout,25-04-1980,wgrout6k@chron.com,m,tribe_master
mbedding6l,Monti,Bedding,11-10-1973,mbedding6l@sohu.com,m,admin
jkisbee6m,Jonell,Kisbee,21-09-1994,jkisbee6m@cmu.edu,f,solution_enabler
hivison6n,Hobey,Ivison,26-05-2000,hivison6n@mail.ru,m,software_engineer
fcosbey6o,Frederico,Cosbey,13-10-1992,fcosbey6o@fc2.com,m,solution_enabler
bkorba6p,Britt,Korba,18-02-1984,bkorba6p@mlb.com,f,tribe_master
jcapehorn6q,Jennine,Capehorn,24-09-1979,jcapehorn6q@businessweek.com,m,tribe_master
mcosser6r,Mackenzie,Cosser,10-08-1970,mcosser6r@nba.com,f,admin
lmilsom6s,Lenna,Milsom,08-04-2001,lmilsom6s@ucla.edu,f,software_engineer
cdonahue6t,Cross,Donahue,29-10-1992,cdonahue6t@house.gov,m,solution_enabler
mforsaith6u,Meredeth,Forsaith,01-02-1988,mforsaith6u@netscape.com,m,solution_enabler
mgetcliff6v,Malissa,Getcliff,16-10-1972,mgetcliff6v@issuu.com,f,admin
gbimrose6w,Gareth,Bimrose,10-04-1991,gbimrose6w@ihg.com,f,solution_enabler
fsprulls6x,Flory,Sprulls,22-06-1999,fsprulls6x@nbcnews.com,m,sr_software_engineer
bbabber6y,Bernardine,Babber,12-11-1975,bbabber6y@github.com,m,admin
rkhomich6z,Roderick,Khomich,19-11-1998,rkhomich6z@huffingtonpost.com,f,sr_software_engineer
mturfitt70,Mab,Turfitt,15-02-1974,mturfitt70@themeforest.net,m,admin
emissington71,Efrem,Missington,29-04-1982,emissington71@bloomberg.com,f,tribe_master
corring72,Cly,Orring,21-11-1971,corring72@ycombinator.com,f,admin
ldowning73,Lucho,Downing,23-05-1990,ldowning73@sphinn.com,f,solution_enabler
eoloinn74,Erena,O'Loinn,18-07-1975,eoloinn74@skyrock.com,f,admin
ntuffley75,Nanon,Tuffley,22-03-1989,ntuffley75@ebay.com,f,solution_enabler
etomanek76,Em,Tomanek,30-12-1972,etomanek76@last.fm,m,admin
lshuttle77,Levin,Shuttle,02-06-1980,lshuttle77@earthlink.net,m,tribe_master
aodney78,Ashien,Odney,19-11-1972,aodney78@archive.org,f,admin
astanes79,Andre,Stanes,09-04-1982,astanes79@about.com,f,tribe_master
ghartegan7a,Gaylor,Hartegan,08-03-1998,ghartegan7a@cnbc.com,f,sr_software_engineer
eposen7b,Elke,Posen,15-09-1987,eposen7b@ameblo.jp,m,solution_enabler
pelkins7c,Pren,Elkins,17-11-1984,pelkins7c@homestead.com,m,tribe_master
hlife7d,Hermine,Life,16-06-2001,hlife7d@apache.org,m,software_engineer
agergher7e,Ansel,Gergher,15-05-1997,agergher7e@istockphoto.com,f,sr_software_engineer
vmaccartan7f,Violante,MacCartan,19-10-1975,vmaccartan7f@stumbleupon.com,m,admin
bpagelsen7g,Brigit,Pagelsen,30-09-1973,bpagelsen7g@opera.com,f,admin
rgodlee7h,Reena,Godlee,13-07-1998,rgodlee7h@apache.org,m,sr_software_engineer
rhydechambers7i,Renell,Hyde-Chambers,02-12-1971,rhydechambers7i@mit.edu,f,admin
jsackler7j,Jakie,Sackler,02-06-1978,jsackler7j@youtu.be,f,tribe_master
kmattia7k,Kirbie,Mattia,11-01-1972,kmattia7k@w3.org,f,admin
kparmiter7l,Kay,Parmiter,02-11-1973,kparmiter7l@gmpg.org,m,admin
pandrew7m,Pauly,Andrew,03-03-1999,pandrew7m@wikipedia.org,m,sr_software_engineer
jrule7n,Jobye,Rule,24-04-1994,jrule7n@google.cn,m,solution_enabler
vhessing7o,Vale,Hessing,06-05-1993,vhessing7o@surveymonkey.com,m,solution_enabler
sbeacroft7p,Sandor,Beacroft,31-10-2000,sbeacroft7p@hubpages.com,f,software_engineer
dmcgeaney7q,Devonna,McGeaney,16-09-1974,dmcgeaney7q@dailymotion.com,f,admin
scartwight7r,Stace,Cartwight,31-07-1998,scartwight7r@alibaba.com,f,sr_software_engineer
mrevance7s,Maritsa,Revance,13-06-1991,mrevance7s@liveinternet.ru,f,solution_enabler
arabbitt7t,Adrian,Rabbitt,04-11-1985,arabbitt7t@tmall.com,m,solution_enabler
jbradock7u,Jammie,Bradock,06-01-1993,jbradock7u@columbia.edu,m,solution_enabler
rarnison7v,Ruddie,Arnison,19-09-1976,rarnison7v@hhs.gov,f,admin
aeccersley7w,Alexa,Eccersley,10-05-1975,aeccersley7w@xrea.com,m,admin
cdmisek7x,Celia,Dmisek,08-04-2000,cdmisek7x@drupal.org,m,software_engineer
darr7y,Druci,Arr,02-01-2001,darr7y@rambler.ru,f,software_engineer
smadine7z,Sonya,Madine,15-06-1999,smadine7z@usgs.gov,m,sr_software_engineer
dbalding80,Demetre,Balding,05-04-1988,dbalding80@dedecms.com,f,solution_enabler
bbarca81,Bria,Barca,13-04-1977,bbarca81@paginegialle.it,m,tribe_master
cbumfrey82,Cordy,Bumfrey,20-09-1980,cbumfrey82@prweb.com,m,tribe_master
afranklin83,Archibald,Franklin,23-09-1989,afranklin83@desdev.cn,f,solution_enabler
bcracknall84,Burnaby,Cracknall,19-03-1995,bcracknall84@bing.com,m,sr_software_engineer
gpatrick85,Gordy,Patrick,07-01-1976,gpatrick85@wikispaces.com,m,admin
rfacchini86,Robena,Facchini,02-06-1978,rfacchini86@tripadvisor.com,m,tribe_master
rraistrick87,Rochell,Raistrick,01-02-1978,rraistrick87@elpais.com,f,tribe_master
jhowison88,Justine,Howison,29-05-1972,jhowison88@opensource.org,f,admin
atissington89,Arliene,Tissington,10-03-1976,atissington89@de.vu,f,admin
ldoumenc8a,Lorry,Doumenc,06-08-1996,ldoumenc8a@kickstarter.com,m,sr_software_engineer
pife8b,Palmer,Ife,15-11-1976,pife8b@etsy.com,f,admin
ddoole8c,Devonna,Doole,03-01-1978,ddoole8c@zimbio.com,m,tribe_master
hbrodest8d,Homerus,Brodest,11-03-1979,hbrodest8d@microsoft.com,m,tribe_master
cloxston8e,Cassondra,Loxston,13-07-1991,cloxston8e@mtv.com,f,solution_enabler
cinston8f,Carmine,Inston,29-10-1984,cinston8f@fda.gov,m,tribe_master
vjellis8g,Vittoria,Jellis,07-09-1986,vjellis8g@github.com,m,solution_enabler
hbeggs8h,Homere,Beggs,25-05-1974,hbeggs8h@slate.com,m,admin
jshailer8i,Jessie,Shailer,14-04-1988,jshailer8i@toplist.cz,f,solution_enabler
hspanswick8j,Holly,Spanswick,09-10-1983,hspanswick8j@guardian.co.uk,f,tribe_master
gwellbeloved8k,Gabrila,Wellbeloved,04-10-1976,gwellbeloved8k@dyndns.org,m,admin
rbalwin8l,Ruddy,Balwin,30-11-1976,rbalwin8l@merriam-webster.com,m,admin
gverner8m,Gamaliel,Verner,05-09-1988,gverner8m@mozilla.com,m,solution_enabler
smeaddowcroft8n,Simone,Meaddowcroft,02-02-1985,smeaddowcroft8n@amazon.com,f,solution_enabler
ihocking8o,Isak,Hocking,14-12-1982,ihocking8o@infoseek.co.jp,f,tribe_master
cdanelutti8p,Collette,Danelutti,10-07-1997,cdanelutti8p@bandcamp.com,f,sr_software_engineer
hsnaddon8q,Harbert,Snaddon,18-02-1995,hsnaddon8q@lycos.com,f,sr_software_engineer
nchicchelli8r,Noam,Chicchelli,01-12-1995,nchicchelli8r@pagesperso-orange.fr,m,sr_software_engineer
spatria8s,Seymour,Patria,02-06-1986,spatria8s@123-reg.co.uk,m,solution_enabler
mhedley8t,Martin,Hedley,25-05-1996,mhedley8t@paypal.com,m,sr_software_engineer
sdavall8u,Sergei,Davall,03-09-1971,sdavall8u@mayoclinic.com,m,admin
gsandells8v,Gaby,Sandells,20-11-1985,gsandells8v@geocities.com,f,solution_enabler
peastgate8w,Purcell,Eastgate,26-12-1998,peastgate8w@wordpress.org,f,sr_software_engineer
abriztman8x,Avis,Briztman,07-06-1984,abriztman8x@spiegel.de,f,tribe_master
agrent8y,Abby,Grent,22-09-1992,agrent8y@omniture.com,m,solution_enabler
lmeeking8z,Lindsay,Meeking,02-10-1975,lmeeking8z@livejournal.com,m,admin
jtooze90,Jere,Tooze,19-12-1983,jtooze90@mysql.com,m,tribe_master
bsirl91,Bertrando,Sirl,12-08-1975,bsirl91@theatlantic.com,m,admin
pmckennan92,Penny,McKennan,29-07-1976,pmckennan92@tripod.com,m,admin
mpaterno93,Madalena,Paterno,17-04-1972,mpaterno93@pcworld.com,m,admin
rcardenosa94,Ranice,Cardenosa,13-06-1989,rcardenosa94@webnode.com,f,solution_enabler
aoffen95,Andrea,Offen,27-05-1989,aoffen95@ebay.co.uk,m,solution_enabler
gsavin96,Godard,Savin,17-11-1979,gsavin96@umich.edu,m,tribe_master
tbarfitt97,Tab,Barfitt,01-11-1976,tbarfitt97@techcrunch.com,m,admin
ctorra98,Camilla,Torra,20-10-1982,ctorra98@mlb.com,m,tribe_master
cfulham99,Cecilio,Fulham,13-05-1978,cfulham99@china.com.cn,f,tribe_master
ngimenez9a,Nappy,Gimenez,06-05-1973,ngimenez9a@cargocollective.com,f,admin
aspitell9b,Adore,Spitell,25-12-1991,aspitell9b@cargocollective.com,f,solution_enabler
imunning9c,Izabel,Munning,15-03-2000,imunning9c@theglobeandmail.com,m,software_engineer
bbroadstock9d,Boyce,Broadstock,22-12-1974,bbroadstock9d@oakley.com,m,admin
dorowane9e,Dolli,O'Rowane,16-12-1995,dorowane9e@google.it,m,sr_software_engineer
pstonebridge9f,Phylys,Stonebridge,04-06-1990,pstonebridge9f@illinois.edu,m,solution_enabler
pbonnavant9g,Phillipp,Bonnavant,11-04-1990,pbonnavant9g@nhs.uk,f,solution_enabler
sheugel9h,Sunny,Heugel,26-09-1991,sheugel9h@51.la,m,solution_enabler
uselway9i,Una,Selway,07-09-1973,uselway9i@mapquest.com,m,admin
gtrask9j,Garrot,Trask,10-04-1983,gtrask9j@indiegogo.com,m,tribe_master
ebracher9k,Elsworth,Bracher,28-12-1971,ebracher9k@reverbnation.com,m,admin
mmcdonnell9l,Misti,McDonnell,04-03-1987,mmcdonnell9l@washington.edu,f,solution_enabler
ujansson9m,Urbano,Jansson,25-03-1994,ujansson9m@google.fr,f,solution_enabler
hjolliffe9n,Haze,Jolliffe,21-10-2000,hjolliffe9n@tripadvisor.com,f,software_engineer
wwithey9o,Wilburt,Withey,06-05-1977,wwithey9o@wikispaces.com,m,tribe_master
kgerriessen9p,Kendell,Gerriessen,08-10-1993,kgerriessen9p@dyndns.org,m,solution_enabler
cpentin9q,Candace,Pentin,07-08-1979,cpentin9q@sina.com.cn,f,tribe_master
dlarmett9r,Dian,Larmett,25-03-1997,dlarmett9r@bloomberg.com,m,sr_software_engineer
xpolhill9s,Xenos,Polhill,14-10-1987,xpolhill9s@miibeian.gov.cn,f,solution_enabler
jjohnsee9t,Janette,Johnsee,16-10-1987,jjohnsee9t@51.la,m,solution_enabler
estowe9u,Evan,Stowe,04-07-1986,estowe9u@pinterest.com,f,solution_enabler
jbennoe9v,Joel,Bennoe,23-09-1970,jbennoe9v@deliciousdays.com,m,admin
dtomczynski9w,Doralin,Tomczynski,22-01-1991,dtomczynski9w@ning.com,m,solution_enabler
gwooster9x,Georgianne,Wooster,11-04-1990,gwooster9x@lulu.com,m,solution_enabler
cmaudsley9y,Clement,Maudsley,14-04-1982,cmaudsley9y@theguardian.com,m,tribe_master
ptrench9z,Pearle,Trench,04-11-1974,ptrench9z@homestead.com,m,admin
grusta0,Goraud,Rust,10-09-1978,grusta0@sciencedirect.com,m,tribe_master
gallota1,Gavra,Allot,22-01-1973,gallota1@wunderground.com,f,admin
llocheta2,Leif,Lochet,16-06-1995,llocheta2@nature.com,f,sr_software_engineer
rhendena3,Ranique,Henden,01-01-1989,rhendena3@techcrunch.com,m,solution_enabler
ldoornbosa4,Lilah,Doornbos,16-08-1972,ldoornbosa4@devhub.com,m,admin
cfetherstana5,Carolina,Fetherstan,26-07-1982,cfetherstana5@huffingtonpost.com,f,tribe_master
phannama6,Peterus,Hannam,24-08-2000,phannama6@drupal.org,f,software_engineer
bcornejoa7,Borden,Cornejo,29-02-1972,bcornejoa7@163.com,f,admin
pduddana8,Pincus,Duddan,30-03-1978,pduddana8@archive.org,f,tribe_master
bopfera9,Bari,Opfer,05-11-1979,bopfera9@flickr.com,m,tribe_master
jlefeaveraa,Jacquie,Lefeaver,22-07-1971,jlefeaveraa@nps.gov,m,admin
kmarrianab,Kristien,Marrian,29-06-1986,kmarrianab@cbsnews.com,f,solution_enabler
sdorranceac,Suzann,Dorrance,01-07-1971,sdorranceac@sbwire.com,f,admin
jflecknoead,Juli,Flecknoe,24-01-1982,jflecknoead@stanford.edu,m,tribe_master
ecottaae,Elbert,Cotta,16-11-1985,ecottaae@dailymail.co.uk,m,solution_enabler
omarquotaf,Oberon,Marquot,27-06-1976,omarquotaf@sphinn.com,m,admin
csawdayag,Charlton,Sawday,12-07-2000,csawdayag@bing.com,m,software_engineer
hannandaleah,Hamlin,Annandale,08-12-1991,hannandaleah@youku.com,m,solution_enabler
fcasesai,Frankie,Cases,11-10-1990,fcasesai@lulu.com,f,solution_enabler
rghidelliaj,Ronald,Ghidelli,17-10-1970,rghidelliaj@wix.com,m,admin
rguillainak,Rita,Guillain,10-05-1985,rguillainak@usda.gov,m,solution_enabler
kranklinal,Kevan,Ranklin,04-12-1985,kranklinal@mlb.com,f,solution_enabler
fhalloram,Field,Hallor,21-02-1978,fhalloram@ft.com,f,tribe_master
aguisleran,Alwin,Guisler,04-03-1978,aguisleran@umich.edu,m,tribe_master
selksao,Somerset,Elks,16-02-2000,selksao@cornell.edu,f,software_engineer
rpabelap,Rhianon,Pabel,11-04-1999,rpabelap@ustream.tv,f,sr_software_engineer
pwarcupaq,Pyotr,Warcup,24-03-1993,pwarcupaq@businessweek.com,m,solution_enabler
agrandinar,Arni,Grandin,18-03-1976,agrandinar@upenn.edu,m,admin
dsandwickas,Drusilla,Sandwick,30-04-1997,dsandwickas@multiply.com,f,sr_software_engineer
kwisniewskiat,Kristen,Wisniewski,21-02-1996,kwisniewskiat@msu.edu,m,sr_software_engineer
gtrueloveau,Gray,Truelove,24-10-1983,gtrueloveau@guardian.co.uk,f,tribe_master
tprevettav,Temp,Prevett,18-08-1993,tprevettav@etsy.com,f,solution_enabler
dheadrickaw,Derwin,Headrick,25-12-1993,dheadrickaw@guardian.co.uk,f,solution_enabler
hkeeneax,Happy,Keene,08-05-1983,hkeeneax@who.int,m,tribe_master
iburray,Ives,Burr,09-09-2001,iburray@irs.gov,m,software_engineer
gscotchmooraz,Golda,Scotchmoor,18-05-2001,gscotchmooraz@1und1.de,f,software_engineer
odreverb0,Olin,Drever,10-03-1990,odreverb0@yolasite.com,f,solution_enabler
lhickinbottomb1,Leonid,Hickinbottom,10-03-1994,lhickinbottomb1@economist.com,m,solution_enabler
mfraryb2,Merv,Frary,24-06-1999,mfraryb2@oaic.gov.au,f,sr_software_engineer
gferrarb3,Gerti,Ferrar,23-11-1976,gferrarb3@i2i.jp,f,admin
rhansberryb4,Randell,Hansberry,13-12-1982,rhansberryb4@weather.com,f,tribe_master
aflugerb5,Amelina,Fluger,09-06-1970,aflugerb5@imgur.com,m,admin
tvitlerb6,Thebault,Vitler,03-09-1975,tvitlerb6@mail.ru,m,admin
tmilthorpeb7,Tammara,Milthorpe,02-03-1990,tmilthorpeb7@epa.gov,m,solution_enabler
jgimblettb8,Jami,Gimblett,13-05-1995,jgimblettb8@hubpages.com,m,sr_software_engineer
gmccrackemb9,Glad,McCrackem,17-07-1982,gmccrackemb9@boston.com,m,tribe_master
ecasesba,Emilia,Cases,30-04-1987,ecasesba@bizjournals.com,f,solution_enabler
bcattermolebb,Barnard,Cattermole,03-04-1996,bcattermolebb@ycombinator.com,m,sr_software_engineer
lsullensbc,Locke,Sullens,16-10-1992,lsullensbc@cornell.edu,m,solution_enabler
akynndbd,Alana,Kynnd,20-12-1981,akynndbd@tmall.com,m,tribe_master
lbellobe,Lennie,Bello,13-07-1970,lbellobe@upenn.edu,m,admin
pweirbf,Piotr,Weir,19-09-1988,pweirbf@shutterfly.com,m,solution_enabler
pzolinibg,Paula,Zolini,26-10-1996,pzolinibg@merriam-webster.com,f,sr_software_engineer
kgoodliffebh,Keenan,Goodliffe,10-02-1997,kgoodliffebh@va.gov,m,sr_software_engineer
mbeebebi,Madelina,Beebe,31-10-1973,mbeebebi@google.fr,m,admin
rdiklebj,Reggi,Dikle,26-05-1998,rdiklebj@skype.com,m,sr_software_engineer
dsmaridgebk,Dallis,Smaridge,19-10-1999,dsmaridgebk@ucsd.edu,f,sr_software_engineer
etwohigbl,Emalee,Twohig,09-10-1998,etwohigbl@youku.com,m,sr_software_engineer
lseeneybm,Lorine,Seeney,19-02-1970,lseeneybm@hp.com,m,admin
dboultbn,Delcina,Boult,01-01-1987,dboultbn@accuweather.com,m,solution_enabler
sluetkemeyerbo,Storm,Luetkemeyer,23-03-1991,sluetkemeyerbo@globo.com,m,solution_enabler
rhuncootbp,Rolph,Huncoot,18-08-1971,rhuncootbp@twitter.com,f,admin
kingbq,Kayley,Ing,05-07-1988,kingbq@state.tx.us,m,solution_enabler
pcrottaghbr,Perle,Crottagh,16-08-1977,pcrottaghbr@go.com,m,tribe_master
fcereceresbs,Fairlie,Cereceres,22-03-1992,fcereceresbs@pagesperso-orange.fr,f,solution_enabler
lcheekebt,Lezlie,Cheeke,26-03-1999,lcheekebt@archive.org,f,sr_software_engineer
hbowbu,Heda,Bow,05-12-1974,hbowbu@github.com,f,admin
hmccarlebv,Harlin,McCarle,27-10-1997,hmccarlebv@e-recht24.de,m,sr_software_engineer
imcfadebw,Isidoro,McFade,29-01-1997,imcfadebw@economist.com,f,sr_software_engineer
jneashambx,Jose,Neasham,02-01-1972,jneashambx@weibo.com,m,admin
gprebbleby,Gilemette,Prebble,16-10-1991,gprebbleby@surveymonkey.com,m,solution_enabler
whaylebz,Wilow,Hayle,27-07-1974,whaylebz@hostgator.com,m,admin
lluscombec0,Lock,Luscombe,21-01-1981,lluscombec0@scribd.com,m,tribe_master
agisbyec1,Alic,Gisbye,15-06-1979,agisbyec1@utexas.edu,m,tribe_master
medec2,Montgomery,Ede,03-07-1996,medec2@histats.com,m,sr_software_engineer
sbatramc3,Sarina,Batram,13-03-1979,sbatramc3@twitter.com,m,tribe_master
akayesc4,Agna,Kayes,04-11-1972,akayesc4@soup.io,m,admin
ppietc5,Portie,Piet,15-04-1984,ppietc5@slideshare.net,m,tribe_master
asommerledc6,Artur,Sommerled,13-08-1990,asommerledc6@163.com,m,solution_enabler
gcordyc7,Guthrey,Cordy,26-12-1991,gcordyc7@addtoany.com,m,solution_enabler
mkirkbyc8,Marybeth,Kirkby,17-05-2001,mkirkbyc8@reddit.com,m,software_engineer
mlippoc9,Myrtle,Lippo,04-08-1970,mlippoc9@java.com,m,admin
dgilletca,Dot,Gillet,31-03-1971,dgilletca@fc2.com,m,admin
ijerviscb,Ira,Jervis,19-01-1996,ijerviscb@phoca.cz,m,sr_software_engineer
bgosnaycc,Barnaby,Gosnay,11-03-1972,bgosnaycc@ehow.com,f,admin
wadamiakcd,Wright,Adamiak,29-06-1973,wadamiakcd@github.io,m,admin
gpinace,Gabi,Pina,24-09-2000,gpinace@chronoengine.com,m,software_engineer
jcroycf,Jeremias,Croy,17-11-1983,jcroycf@ocn.ne.jp,m,tribe_master
gbriggscg,Gothart,Briggs,04-10-1983,gbriggscg@discuz.net,f,tribe_master
jbousfieldch,Jasper,Bousfield,14-04-1980,jbousfieldch@furl.net,f,tribe_master
komullenci,Koenraad,O Mullen,01-10-1978,komullenci@ted.com,f,tribe_master
myankeevcj,Mureil,Yankeev,27-08-1986,myankeevcj@amazon.co.uk,f,solution_enabler
smanshawck,Stanton,Manshaw,01-01-1982,smanshawck@blogtalkradio.com,m,tribe_master
ribarracl,Rickert,Ibarra,30-05-1970,ribarracl@mozilla.com,m,admin
klushercm,Krysta,Lusher,17-02-1986,klushercm@newyorker.com,m,solution_enabler
froderhamcn,Florencia,Roderham,04-08-2000,froderhamcn@stumbleupon.com,m,software_engineer
emcpakeco,Ebenezer,McPake,29-01-1979,emcpakeco@unblog.fr,m,tribe_master
nblennerhassettcp,Nowell,Blennerhassett,22-08-2001,nblennerhassettcp@unblog.fr,m,software_engineer
tgreenwellcq,Terencio,Greenwell,17-11-1987,tgreenwellcq@youtu.be,m,solution_enabler
dwoltoncr,Deborah,Wolton,28-10-1984,dwoltoncr@mayoclinic.com,m,tribe_master
arappoportcs,Ashly,Rappoport,10-10-1970,arappoportcs@businesswire.com,f,admin
rdeftiect,Renata,Deftie,02-12-1978,rdeftiect@dmoz.org,m,tribe_master
acastlemancu,Anderea,Castleman,17-05-1987,acastlemancu@w3.org,f,solution_enabler
gmussallicv,Gav,Mussalli,30-04-1982,gmussallicv@last.fm,m,tribe_master
gpraundlincw,Giovanni,Praundlin,27-08-1987,gpraundlincw@independent.co.uk,m,solution_enabler
emccafferkycx,Emory,McCafferky,28-03-1980,emccafferkycx@bloglines.com,f,tribe_master
asavillcy,Ashleigh,Savill,20-05-1999,asavillcy@google.com.hk,f,sr_software_engineer
fveallcz,Fedora,Veall,25-07-1992,fveallcz@wired.com,f,solution_enabler
boffend0,Blondelle,Offen,24-05-1972,boffend0@marketwatch.com,f,admin
byukhnevichd1,Briggs,Yukhnevich,23-10-1987,byukhnevichd1@craigslist.org,m,solution_enabler
emacbarrond2,Ermentrude,MacBarron,16-09-1994,emacbarrond2@google.nl,f,solution_enabler
rmacbeand3,Randa,MacBean,25-06-1989,rmacbeand3@newyorker.com,m,solution_enabler
gschwandtd4,Gweneth,Schwandt,29-10-1997,gschwandtd4@omniture.com,f,sr_software_engineer
mlightend5,Marshall,Lighten,02-05-1971,mlightend5@salon.com,f,admin
wfearbyd6,Winnie,Fearby,24-02-1971,wfearbyd6@histats.com,m,admin
ylummd7,Yasmin,Lumm,27-12-1987,ylummd7@mapquest.com,f,solution_enabler
skeetingd8,Shepard,Keeting,30-12-1996,skeetingd8@time.com,m,sr_software_engineer
rmarkhamd9,Rebekah,Markham,15-07-1987,rmarkhamd9@dot.gov,m,solution_enabler
coutrightda,Cecilio,Outright,12-10-1971,coutrightda@smugmug.com,m,admin
kbateripdb,Kevina,Baterip,19-11-1998,kbateripdb@salon.com,f,sr_software_engineer
vcassleydc,Viviana,Cassley,25-03-1979,vcassleydc@canalblog.com,m,tribe_master
kotydd,Kermie,Oty,27-12-1978,kotydd@patch.com,m,tribe_master
mlangdonde,Morissa,Langdon,21-10-1981,mlangdonde@1und1.de,m,tribe_master
mslevindf,Marabel,Slevin,05-11-2000,mslevindf@europa.eu,m,software_engineer
rgosswelldg,Randolf,Gosswell,17-10-1978,rgosswelldg@dailymail.co.uk,m,tribe_master
pteressedh,Padraic,Teresse,02-03-1982,pteressedh@chronoengine.com,f,tribe_master
jbalstondi,Jess,Balston,29-01-1982,jbalstondi@yelp.com,m,tribe_master
lwolfindaledj,Lorine,Wolfindale,09-08-1988,lwolfindaledj@comcast.net,f,solution_enabler
amacarthurdk,Art,MacArthur,17-03-1982,amacarthurdk@ibm.com,f,tribe_master
acalcuttdl,Averil,Calcutt,10-10-1994,acalcuttdl@slashdot.org,m,solution_enabler
vglancydm,Vincent,Glancy,09-03-2001,vglancydm@twitpic.com,m,software_engineer
sbraghinidn,Sascha,Braghini,30-07-1994,sbraghinidn@google.co.uk,m,solution_enabler
gshepherdsondo,Genia,Shepherdson,25-03-1987,gshepherdsondo@java.com,m,solution_enabler
lseigniordp,Larina,Seignior,25-03-1985,lseigniordp@e-recht24.de,m,solution_enabler
mcharkerdq,Marty,Charker,14-09-1996,mcharkerdq@furl.net,m,sr_software_engineer
sbrockbankdr,Sheffield,Brockbank,31-12-1991,sbrockbankdr@columbia.edu,f,solution_enabler
bkamallds,Bili,Kamall,28-05-1972,bkamallds@umn.edu,m,admin
aedmansdt,Addy,Edmans,10-03-1998,aedmansdt@hostgator.com,f,sr_software_engineer
rkistingdu,Robbyn,Kisting,29-10-1974,rkistingdu@dedecms.com,m,admin
wwreiforddv,Willis,Wreiford,24-10-1980,wwreiforddv@bigcartel.com,f,tribe_master
etilzeydw,Elianora,Tilzey,20-05-1978,etilzeydw@amazon.co.uk,f,tribe_master
bworsterdx,Benedikt,Worster,01-10-1972,bworsterdx@istockphoto.com,f,admin
kbriskerdy,Kellen,Brisker,12-11-1977,kbriskerdy@zimbio.com,f,tribe_master
fburletondz,Frederica,Burleton,09-10-1997,fburletondz@sourceforge.net,m,sr_software_engineer
mberie0,Marc,Beri,23-10-1975,mberie0@wikimedia.org,f,admin
pfrancesconie1,Parker,Francesconi,07-10-1971,pfrancesconie1@princeton.edu,f,admin
dsecombee2,D'arcy,Secombe,05-04-1999,dsecombee2@xing.com,f,sr_software_engineer
dhaileye3,Dewain,Hailey,24-09-1990,dhaileye3@amazon.de,f,solution_enabler
ppleye4,Phillis,Pley,30-05-1992,ppleye4@zdnet.com,m,solution_enabler
ladamike5,Lemuel,Adamik,13-11-1991,ladamike5@nasa.gov,m,solution_enabler
larnefielde6,Lizabeth,Arnefield,16-08-2001,larnefielde6@spotify.com,m,software_engineer
pdwelleye7,Park,Dwelley,26-12-1996,pdwelleye7@posterous.com,m,sr_software_engineer
cgearinge8,Connie,Gearing,18-01-1984,cgearinge8@google.ru,m,tribe_master
tjeavese9,Thomasine,Jeaves,11-09-1992,tjeavese9@rakuten.co.jp,m,solution_enabler
tshortcliffeea,Tallie,Shortcliffe,11-06-1991,tshortcliffeea@wired.com,m,solution_enabler
vmartynseb,Velvet,Martyns,14-01-2001,vmartynseb@slate.com,m,software_engineer
mshoryec,Merrill,Shory,22-06-2001,mshoryec@scientificamerican.com,f,software_engineer
bfearneed,Berry,Fearne,07-03-1996,bfearneed@skyrock.com,m,sr_software_engineer
sedgsonee,Stirling,Edgson,30-08-1980,sedgsonee@oakley.com,m,tribe_master
pwallasef,Patrick,Wallas,14-08-1996,pwallasef@wikipedia.org,f,sr_software_engineer
shawtreyeg,Silvan,Hawtrey,09-04-2000,shawtreyeg@fc2.com,f,software_engineer
cmcoweneh,Chucho,McOwen,15-03-1978,cmcoweneh@comcast.net,f,tribe_master
sapdellei,Sarette,Apdell,09-07-1996,sapdellei@youtube.com,m,sr_software_engineer
dcolyerej,Dael,Colyer,06-12-1974,dcolyerej@smh.com.au,m,admin
ksherrockek,Karyl,Sherrock,25-01-2000,ksherrockek@slideshare.net,m,software_engineer
nkinchingtonel,Neely,Kinchington,19-12-1991,nkinchingtonel@cdbaby.com,m,solution_enabler
asantiem,Annnora,Santi,27-11-1984,asantiem@kickstarter.com,m,tribe_master
dcraddocken,Dolley,Craddock,04-01-1978,dcraddocken@sina.com.cn,f,tribe_master
agrunbaumeo,Ado,Grunbaum,23-09-1989,agrunbaumeo@discuz.net,m,solution_enabler
meaklyep,Magda,Eakly,06-12-1978,meaklyep@bandcamp.com,f,tribe_master
gtarlingeq,Grethel,Tarling,09-01-1970,gtarlingeq@ed.gov,m,admin
nbethuneer,Natal,Bethune,26-08-1978,nbethuneer@senate.gov,f,tribe_master
dmcclenanes,Dietrich,McClenan,06-02-1980,dmcclenanes@harvard.edu,m,tribe_master
teakleet,Tucker,Eakle,17-07-1989,teakleet@theguardian.com,f,solution_enabler
fforryaneu,Fancie,Forryan,18-10-1984,fforryaneu@bizjournals.com,m,tribe_master
cschutteev,Conney,Schutte,26-10-1977,cschutteev@marriott.com,m,tribe_master
dharperew,Darb,Harper,16-01-1979,dharperew@google.co.jp,f,tribe_master
cbartolomeottiex,Chloris,Bartolomeotti,30-11-2001,cbartolomeottiex@sourceforge.net,m,software_engineer
eovershottey,Eldredge,Overshott,04-03-1994,eovershottey@vkontakte.ru,f,solution_enabler
ldebellez,Lauren,Debell,13-08-1993,ldebellez@auda.org.au,m,solution_enabler
omctrustrief0,Orel,McTrustrie,11-06-1997,omctrustrief0@opensource.org,m,sr_software_engineer
sfaivref1,Sosanna,Faivre,01-09-1977,sfaivref1@wsj.com,m,tribe_master
mausellof2,Maryanna,Ausello,03-05-1976,mausellof2@dyndns.org,f,admin
bjoynerf3,Blair,Joyner,10-01-1985,bjoynerf3@weebly.com,m,solution_enabler
fmallingf4,Far,Malling,03-03-1995,fmallingf4@npr.org,m,sr_software_engineer
rpiscotf5,Robin,Piscot,24-06-1973,rpiscotf5@rakuten.co.jp,f,admin
mbrennenstuhlf6,Maxwell,Brennenstuhl,01-03-1977,mbrennenstuhlf6@de.vu,m,tribe_master
pcarabetf7,Pietrek,Carabet,15-05-1995,pcarabetf7@pbs.org,f,sr_software_engineer
dgypsonf8,Donovan,Gypson,24-08-1991,dgypsonf8@etsy.com,m,solution_enabler
sgrundyf9,Sylas,Grundy,19-03-1987,sgrundyf9@bbb.org,m,solution_enabler
lswadlenfa,Lizabeth,Swadlen,30-05-1978,lswadlenfa@ustream.tv,m,tribe_master
gormistonfb,Gene,Ormiston,11-02-1985,gormistonfb@wordpress.com,m,solution_enabler
fmcvanefc,Fonsie,McVane,04-05-1977,fmcvanefc@ftc.gov,m,tribe_master
rdichefd,Reinwald,Diche,29-08-2000,rdichefd@businesswire.com,m,software_engineer
stolanfe,Sim,Tolan,18-08-1986,stolanfe@nymag.com,m,solution_enabler
smerrgenff,Sheryl,Merrgen,10-11-1983,smerrgenff@hubpages.com,m,tribe_master
rdaburnfg,Regan,Daburn,13-08-1972,rdaburnfg@ask.com,f,admin
kfaldofh,Kamilah,Faldo,07-04-1981,kfaldofh@cocolog-nifty.com,m,tribe_master
mhugnotfi,Mac,Hugnot,05-01-1991,mhugnotfi@virginia.edu,m,solution_enabler
esatchelfj,Ewan,Satchel,28-11-1974,esatchelfj@feedburner.com,m,admin
lhealingfk,Lydia,Healing,28-08-2000,lhealingfk@sogou.com,f,software_engineer
isunderlandfl,Issiah,Sunderland,14-04-1995,isunderlandfl@cloudflare.com,f,sr_software_engineer
fhassenfm,Friederike,Hassen,30-03-2001,fhassenfm@xing.com,f,software_engineer
aflecknofn,Alick,Fleckno,19-11-1989,aflecknofn@furl.net,f,solution_enabler
wsparshottfo,Wilmer,Sparshott,03-12-1999,wsparshottfo@vistaprint.com,m,sr_software_engineer
sroxburchfp,Samara,Roxburch,12-02-1992,sroxburchfp@unicef.org,f,solution_enabler
gwinghamfq,Gus,Wingham,22-10-1978,gwinghamfq@themeforest.net,f,tribe_master
prowntreefr,Prudy,Rowntree,24-09-1996,prowntreefr@phpbb.com,m,sr_software_engineer
sflackefs,Sherline,Flacke,28-11-1972,sflackefs@about.me,f,admin
ksummersideft,Kristin,Summerside,14-11-1983,ksummersideft@zdnet.com,f,tribe_master
lharomefu,Lilas,Harome,03-06-1992,lharomefu@phoca.cz,m,solution_enabler
sproudlerfv,Sibyl,Proudler,17-06-1993,sproudlerfv@globo.com,m,solution_enabler
fskudderfw,Franz,Skudder,05-06-1972,fskudderfw@noaa.gov,m,admin
nsheepyfx,Nevins,Sheepy,30-05-1972,nsheepyfx@cnn.com,m,admin
isussemsfy,Ingmar,Sussems,26-04-1997,isussemsfy@slate.com,f,sr_software_engineer
jmilleyfz,Joly,Milley,15-09-1987,jmilleyfz@posterous.com,m,solution_enabler
xahrendg0,Ximenez,Ahrend,25-12-1988,xahrendg0@meetup.com,f,solution_enabler
rbacklerg1,Reginald,Backler,09-08-1978,rbacklerg1@hao123.com,f,tribe_master
bpeersg2,Bridgette,Peers,27-07-1993,bpeersg2@yelp.com,m,solution_enabler
mkingstneg3,Maxine,Kingstne,10-07-1987,mkingstneg3@discovery.com,f,solution_enabler
jmaevelag4,Joela,Maevela,19-08-1997,jmaevelag4@answers.com,f,sr_software_engineer
nboulderg5,Nikki,Boulder,16-04-1981,nboulderg5@comcast.net,m,tribe_master
pleefeg6,Pietra,Leefe,04-12-2000,pleefeg6@usgs.gov,m,software_engineer
ebellordg7,Elysia,Bellord,17-12-1987,ebellordg7@rakuten.co.jp,f,solution_enabler
epipking8,Elinor,Pipkin,21-01-1981,epipking8@deviantart.com,f,tribe_master
tterbeckg9,Tailor,Terbeck,04-02-1976,tterbeckg9@discovery.com,m,admin
bzavattieroga,Birk,Zavattiero,07-03-1991,bzavattieroga@dailymail.co.uk,m,solution_enabler
dturfesgb,Deloria,Turfes,12-10-1990,dturfesgb@narod.ru,f,solution_enabler
amcgilroygc,Angy,McGilroy,17-08-1991,amcgilroygc@about.com,m,solution_enabler
lconnorsgd,Livvyy,Connors,05-07-1972,lconnorsgd@google.it,m,admin
dmarringtonge,Dunc,Marrington,28-10-1995,dmarringtonge@seattletimes.com,f,sr_software_engineer
cveldensgf,Cathryn,Veldens,15-08-1988,cveldensgf@pinterest.com,m,solution_enabler
lcalladinegg,Leyla,Calladine,23-04-1988,lcalladinegg@wikispaces.com,m,solution_enabler
jpickfordgh,Joshuah,Pickford,24-07-1980,jpickfordgh@dailymotion.com,f,tribe_master
tgoldsburygi,Tan,Goldsbury,01-05-1996,tgoldsburygi@cnbc.com,m,sr_software_engineer
mjinkinsongj,Mathilde,Jinkinson,28-02-1977,mjinkinsongj@loc.gov,m,tribe_master
acordeletgk,Alvera,Cordelet,16-04-1978,acordeletgk@stanford.edu,m,tribe_master
dpalleygl,Darda,Palley,07-11-1985,dpalleygl@apple.com,m,solution_enabler
jporkergm,Jereme,Porker,29-02-1984,jporkergm@networkadvertising.org,m,tribe_master
ecornelissegn,Elfreda,Cornelisse,11-04-2000,ecornelissegn@gnu.org,m,software_engineer
dvasilmanovgo,Donavon,Vasilmanov,26-11-1995,dvasilmanovgo@constantcontact.com,m,sr_software_engineer
dhadleegp,Davey,Hadlee,30-01-1995,dhadleegp@eepurl.com,m,sr_software_engineer
emoncrefegq,Editha,Moncrefe,28-04-1999,emoncrefegq@apache.org,m,sr_software_engineer
wsealgr,Worden,Seal,16-05-1978,wsealgr@google.de,m,tribe_master
vrickaertgs,Vanni,Rickaert,17-06-1989,vrickaertgs@opera.com,m,solution_enabler
lbadcockgt,Laverne,Badcock,10-04-1972,lbadcockgt@biblegateway.com,f,admin
elowdegu,Elysia,Lowde,17-11-1978,elowdegu@mozilla.com,m,tribe_master
ksoopergv,Kay,Sooper,12-02-1991,ksoopergv@wunderground.com,f,solution_enabler
asimonnetgw,Amil,Simonnet,15-09-1982,asimonnetgw@fda.gov,m,tribe_master
mkeblegx,Mirna,Keble,15-09-1984,mkeblegx@unicef.org,m,tribe_master
aorangegy,Alecia,Orange,11-12-1995,aorangegy@hexun.com,m,sr_software_engineer
oporrittgz,Othilia,Porritt,02-08-1988,oporrittgz@slashdot.org,m,solution_enabler
lmassinghamh0,Leonardo,Massingham,20-12-1974,lmassinghamh0@sphinn.com,f,admin
cpeasnoneh1,Catharine,Peasnone,17-08-1982,cpeasnoneh1@unc.edu,m,tribe_master
pkuhneh2,Pamella,Kuhne,25-10-1991,pkuhneh2@senate.gov,m,solution_enabler
fyurovh3,Fabiano,Yurov,15-06-1986,fyurovh3@list-manage.com,m,solution_enabler
tmckinleyh4,Teodoro,McKinley,08-11-1993,tmckinleyh4@prlog.org,f,solution_enabler
cogbourneh5,Callie,Ogbourne,20-05-2000,cogbourneh5@webeden.co.uk,m,software_engineer
nkeetonh6,Norton,Keeton,19-11-1970,nkeetonh6@who.int,m,admin
swatermanh7,Shalna,Waterman,01-06-1972,swatermanh7@cdbaby.com,m,admin
ttiptonh8,Traci,Tipton,20-10-1986,ttiptonh8@ucoz.ru,m,solution_enabler
adallicotth9,Arley,Dallicott,24-04-1990,adallicotth9@i2i.jp,f,solution_enabler
mmcwhinha,Mia,McWhin,12-01-1982,mmcwhinha@virginia.edu,f,tribe_master
hguyershb,Huntley,Guyers,23-08-1993,hguyershb@yolasite.com,m,solution_enabler
lambrosonihc,Lida,Ambrosoni,13-06-1990,lambrosonihc@sfgate.com,f,solution_enabler
pwhytockhd,Pepi,Whytock,09-05-1993,pwhytockhd@chron.com,m,solution_enabler
lsimakovhe,Lemmy,Simakov,21-03-1970,lsimakovhe@lulu.com,m,admin
cskipperhf,Caresse,Skipper,08-10-1988,cskipperhf@wikipedia.org,f,solution_enabler
sdemicolihg,Symon,De Micoli,31-07-1983,sdemicolihg@washingtonpost.com,m,tribe_master
mbilbyhh,Miller,Bilby,07-06-1991,mbilbyhh@clickbank.net,f,solution_enabler
gbeaganhi,Gerladina,Beagan,09-04-1976,gbeaganhi@mapquest.com,f,admin
sstortonhj,Sidonnie,Storton,03-10-1977,sstortonhj@people.com.cn,f,tribe_master
acottrillhk,Alexi,Cottrill,04-10-1974,acottrillhk@nydailynews.com,m,admin
egiacobbinijacobhl,Elmer,GiacobbiniJacob,01-03-1998,egiacobbinijacobhl@zimbio.com,f,sr_software_engineer
rgoolyhm,Rikki,Gooly,16-08-1988,rgoolyhm@soup.io,m,solution_enabler
chodcrofthn,Carlin,Hodcroft,06-09-1999,chodcrofthn@illinois.edu,m,sr_software_engineer
gkunathho,Gaye,Kunath,22-01-1982,gkunathho@apache.org,m,tribe_master
bsamuelhp,Birgitta,Samuel,21-12-1998,bsamuelhp@addtoany.com,m,sr_software_engineer
akidneyhq,Avrit,Kidney,08-07-1982,akidneyhq@printfriendly.com,m,tribe_master
cbartulhr,Court,Bartul,06-01-1985,cbartulhr@trellian.com,m,solution_enabler
gburdounhs,Gawain,Burdoun,14-06-1971,gburdounhs@europa.eu,f,admin
lnorvilleht,Lynde,Norville,19-04-1972,lnorvilleht@domainmarket.com,m,admin
aclemontshu,Alexis,Clemonts,15-12-1997,aclemontshu@usnews.com,m,sr_software_engineer
sruthvenhv,Sianna,Ruthven,26-10-1976,sruthvenhv@blog.com,f,admin
mgibardhw,Madonna,Gibard,08-08-1988,mgibardhw@trellian.com,m,solution_enabler
kchavezhx,Kevyn,Chavez,11-06-1977,kchavezhx@google.nl,m,tribe_master
erobynshy,Elmer,Robyns,26-10-1990,erobynshy@sohu.com,m,solution_enabler
rharsenthz,Reinwald,Harsent,16-12-1998,rharsenthz@salon.com,m,sr_software_engineer
aslymei0,Annie,Slyme,08-11-1980,aslymei0@cbsnews.com,m,tribe_master
hsynderi1,Harriott,Synder,16-04-1971,hsynderi1@ed.gov,m,admin
hfredii2,Hammad,Fredi,18-07-1989,hfredii2@google.pl,m,solution_enabler
ajollyei3,Antonino,Jollye,07-02-1977,ajollyei3@sakura.ne.jp,f,tribe_master
cshrievesi4,Cob,Shrieves,19-08-1997,cshrievesi4@prlog.org,f,sr_software_engineer
acoggoni5,Armand,Coggon,07-12-1970,acoggoni5@discovery.com,m,admin
sadami6,Sal,Adam,20-11-1987,sadami6@de.vu,m,solution_enabler
gbeckeyi7,Glynis,Beckey,27-02-1993,gbeckeyi7@fda.gov,m,solution_enabler
sandrysi8,Sylvia,Andrys,25-08-1985,sandrysi8@dmoz.org,m,solution_enabler
npaddingdoni9,Northrup,Paddingdon,29-06-2000,npaddingdoni9@i2i.jp,m,software_engineer
ljakoubecia,Lorrie,Jakoubec,26-04-1997,ljakoubecia@unicef.org,m,sr_software_engineer
snesterovib,Scarlet,Nesterov,03-02-1988,snesterovib@deviantart.com,m,solution_enabler
jflavelleic,Jasmina,Flavelle,18-11-1976,jflavelleic@army.mil,m,admin
phanleyid,Perrine,Hanley,24-10-1989,phanleyid@tmall.com,m,solution_enabler
aannettsie,Aube,Annetts,13-11-1982,aannettsie@census.gov,m,tribe_master
blivettif,Beverlee,Livett,05-10-1975,blivettif@wikia.com,f,admin
cmcelaneig,Claudie,McElane,18-02-1986,cmcelaneig@people.com.cn,m,solution_enabler
mbulcroftih,Margret,Bulcroft,07-06-1982,mbulcroftih@salon.com,f,tribe_master
shamleyii,Shirleen,Hamley,18-12-1994,shamleyii@last.fm,m,solution_enabler
jdaniellsij,Jolie,Daniells,03-02-1984,jdaniellsij@arstechnica.com,m,tribe_master
mdemeridaik,Marie,de Merida,15-02-1984,mdemeridaik@ftc.gov,m,tribe_master
mcolebeckil,Mano,Colebeck,01-05-1981,mcolebeckil@posterous.com,m,tribe_master
rsaraim,Renae,Sara,16-07-1984,rsaraim@artisteer.com,f,tribe_master
achettlein,Ally,Chettle,26-04-1997,achettlein@so-net.ne.jp,f,sr_software_engineer
bcandyio,Ben,Candy,27-02-1973,bcandyio@pagesperso-orange.fr,m,admin
rpeagramip,Rockwell,Peagram,07-11-1988,rpeagramip@1688.com,m,solution_enabler
rfilesiq,Roseline,Files,02-08-1978,rfilesiq@desdev.cn,m,tribe_master
obixleyir,Othella,Bixley,10-07-1985,obixleyir@ca.gov,m,solution_enabler
nmalyanis,Nadeen,Malyan,18-03-1994,nmalyanis@abc.net.au,f,solution_enabler
aguyonneauit,Abbey,Guyonneau,19-09-1980,aguyonneauit@furl.net,f,tribe_master
mfearnsiu,Marty,Fearns,17-08-1984,mfearnsiu@zdnet.com,m,tribe_master
jbulleniv,Jeanelle,Bullen,09-05-1980,jbulleniv@prlog.org,m,tribe_master
bcordieriw,Bethena,Cordier,15-09-1982,bcordieriw@opera.com,f,tribe_master
cdemeyerix,Cosetta,De Meyer,20-10-2000,cdemeyerix@netvibes.com,f,software_engineer
ydenersiy,Yuma,Deners,27-10-1974,ydenersiy@apple.com,m,admin
mtruderiz,Marian,Truder,13-09-1975,mtruderiz@wsj.com,m,admin
dcovelyj0,Davina,Covely,21-11-1998,dcovelyj0@wp.com,f,sr_software_engineer
rbridgnellj1,Ruperta,Bridgnell,23-08-1979,rbridgnellj1@springer.com,f,tribe_master
etimlinj2,Emma,Timlin,10-09-1970,etimlinj2@dyndns.org,f,admin
whalltj3,Wyatt,Hallt,09-03-1975,whalltj3@foxnews.com,m,admin
tgeverj4,Teddi,Gever,16-07-1974,tgeverj4@reverbnation.com,m,admin
rcraikerj5,Rachele,Craiker,11-07-1980,rcraikerj5@drupal.org,m,tribe_master
aarnaudotj6,Almeria,Arnaudot,18-09-1990,aarnaudotj6@google.it,m,solution_enabler
jrailtonj7,Joeann,Railton,19-04-1993,jrailtonj7@lycos.com,m,solution_enabler
ldonnanj8,Linet,Donnan,09-01-2001,ldonnanj8@uiuc.edu,m,software_engineer
pberrickj9,Price,Berrick,25-07-1988,pberrickj9@sakura.ne.jp,f,solution_enabler
acrosonja,Andrea,Croson,18-07-1986,acrosonja@lulu.com,f,solution_enabler
rramjb,Raphael,Ram,17-10-1995,rramjb@china.com.cn,m,sr_software_engineer
lebyjc,Lisabeth,Eby,27-10-1982,lebyjc@java.com,m,tribe_master
vsowthcotejd,Verine,Sowthcote,04-05-1972,vsowthcotejd@meetup.com,m,admin
croylanceje,Candis,Roylance,21-01-1993,croylanceje@histats.com,m,solution_enabler
scluleejf,Sharleen,Clulee,13-12-1996,scluleejf@networksolutions.com,m,sr_software_engineer
flampensjg,Frederick,Lampens,28-07-1996,flampensjg@cocolog-nifty.com,f,sr_software_engineer
eparagreenjh,Elora,Paragreen,09-04-1994,eparagreenjh@seesaa.net,f,solution_enabler
astreetji,Amelita,Street,07-04-1988,astreetji@ox.ac.uk,m,solution_enabler
abemrosejj,Araldo,Bemrose,09-08-1981,abemrosejj@amazon.co.uk,m,tribe_master
lbirdwhistelljk,Lawry,Birdwhistell,27-12-1992,lbirdwhistelljk@privacy.gov.au,f,solution_enabler
pgelderdjl,Peder,Gelderd,13-06-1975,pgelderdjl@bravesites.com,f,admin
mkupkajm,Mikkel,Kupka,26-01-1994,mkupkajm@cnn.com,f,solution_enabler
gcurmijn,Giorgia,Curmi,10-07-1995,gcurmijn@sciencedirect.com,f,sr_software_engineer
gallsobrookjo,Giraud,Allsobrook,14-05-1975,gallsobrookjo@seesaa.net,m,admin
cwernyjp,Casar,Werny,30-08-1989,cwernyjp@symantec.com,m,solution_enabler
kkearleyjq,Karon,Kearley,14-11-1984,kkearleyjq@yellowpages.com,m,tribe_master
jvidajr,Junette,Vida,12-10-1979,jvidajr@cargocollective.com,f,tribe_master
tpechejs,Tamas,Peche,27-06-1997,tpechejs@meetup.com,m,sr_software_engineer
hchessiljt,Herschel,Chessil,15-06-2000,hchessiljt@economist.com,m,software_engineer
wbauju,Washington,Bau,20-03-1996,wbauju@ask.com,m,sr_software_engineer
ssimmelljv,Simeon,Simmell,12-02-1985,ssimmelljv@yolasite.com,m,solution_enabler
rhousdenjw,Rubia,Housden,04-11-1995,rhousdenjw@creativecommons.org,f,sr_software_engineer
gsemechikjx,Gorden,Semechik,03-04-1996,gsemechikjx@accuweather.com,m,sr_software_engineer
nablottjy,Nert,Ablott,05-01-1977,nablottjy@salon.com,f,tribe_master
rcrilleyjz,Regina,Crilley,26-10-2000,rcrilleyjz@privacy.gov.au,m,software_engineer
bpenhearowk0,Boris,Penhearow,16-10-1973,bpenhearowk0@ucla.edu,f,admin
vhandkek1,Vasilis,Handke,28-05-1970,vhandkek1@technorati.com,m,admin
ahornigk2,Archie,Hornig,31-03-1980,ahornigk2@psu.edu,m,tribe_master
dashek3,Dulcia,Ashe,30-09-1996,dashek3@yandex.ru,m,sr_software_engineer
nfetherstonk4,Nathanael,Fetherston,23-03-1973,nfetherstonk4@fc2.com,m,admin
htrudgiank5,Helaine,Trudgian,08-12-1976,htrudgiank5@sogou.com,f,admin
sarmsdenk6,Sioux,Armsden,27-12-2000,sarmsdenk6@kickstarter.com,f,software_engineer
csantorak7,Charmine,Santora,24-09-1997,csantorak7@tinypic.com,m,sr_software_engineer
cmatonink8,Cassy,Matonin,05-01-1993,cmatonink8@who.int,f,solution_enabler
abatchellork9,Ansley,Batchellor,03-06-1977,abatchellork9@a8.net,m,tribe_master
hkilleenka,Hilda,Killeen,03-01-1980,hkilleenka@craigslist.org,m,tribe_master
skernockekb,Sayres,Kernocke,02-05-1982,skernockekb@odnoklassniki.ru,m,tribe_master
kmonetikc,Kendricks,Moneti,04-07-1989,kmonetikc@jiathis.com,f,solution_enabler
uskewskd,Urbano,Skews,26-11-1970,uskewskd@reverbnation.com,f,admin
bdillicateke,Berty,Dillicate,18-04-1972,bdillicateke@hao123.com,m,admin
azanuttikf,Addie,Zanutti,01-09-1973,azanuttikf@liveinternet.ru,m,admin
astygallkg,Anastasie,Stygall,17-09-1992,astygallkg@elegantthemes.com,m,solution_enabler
ppantlingkh,Putnam,Pantling,19-05-1978,ppantlingkh@statcounter.com,m,tribe_master
ldraysonki,Lorrin,Drayson,12-08-1985,ldraysonki@so-net.ne.jp,m,solution_enabler
bgiacopinikj,Booth,Giacopini,15-02-1991,bgiacopinikj@alibaba.com,f,solution_enabler
istarmontkk,Innis,Starmont,23-01-1971,istarmontkk@dagondesign.com,m,admin
vpurcheskl,Vanny,Purches,27-12-1975,vpurcheskl@google.ca,f,admin
depsleykm,Douglass,Epsley,01-10-1970,depsleykm@deviantart.com,m,admin
cpetrollikn,Cornie,Petrolli,19-03-1993,cpetrollikn@google.ca,m,solution_enabler
sjemmisonko,Sergio,Jemmison,27-08-1996,sjemmisonko@fotki.com,f,sr_software_engineer
rfraczekkp,Robbi,Fraczek,23-11-1991,rfraczekkp@fotki.com,m,solution_enabler
rsodakq,Retha,Soda,02-03-1975,rsodakq@webmd.com,f,admin
dhowenkr,Daren,Howen,04-02-1994,dhowenkr@businessinsider.com,m,solution_enabler
cmerridayks,Chrissy,Merriday,17-04-1993,cmerridayks@aboutads.info,m,solution_enabler
lpendletonkt,Leonore,Pendleton,02-04-1974,lpendletonkt@marketwatch.com,m,admin
mjiruchku,Morrie,Jiruch,02-03-1991,mjiruchku@wiley.com,m,solution_enabler
efouldskv,Eldredge,Foulds,14-05-1996,efouldskv@nydailynews.com,m,sr_software_engineer
ldamperkw,Leeland,Damper,06-10-1985,ldamperkw@buzzfeed.com,m,solution_enabler
aenochkx,Ardene,Enoch,03-10-1974,aenochkx@yahoo.com,m,admin
scasariniky,Sonny,Casarini,19-01-1979,scasariniky@domainmarket.com,m,tribe_master
zhernikkz,Zilvia,Hernik,04-03-1989,zhernikkz@salon.com,f,solution_enabler
ppurtelll0,Paulo,Purtell,27-06-1974,ppurtelll0@photobucket.com,f,admin
gdeportl1,Glenn,Deport,18-03-1975,gdeportl1@ucsd.edu,m,admin
bknightl2,Brittne,Knight,28-02-1984,bknightl2@hugedomains.com,m,tribe_master
mmumbesonl3,Mikey,Mumbeson,15-04-1975,mmumbesonl3@hao123.com,m,admin
ebernaertl4,Ellswerth,Bernaert,17-07-1990,ebernaertl4@netscape.com,m,solution_enabler
astrussl5,Averyl,Struss,29-04-2001,astrussl5@tumblr.com,f,software_engineer
wbelfeltl6,Winston,Belfelt,30-07-1998,wbelfeltl6@arstechnica.com,m,sr_software_engineer
mcarlemanl7,Maye,Carleman,12-06-1972,mcarlemanl7@weibo.com,m,admin
jcawdelll8,Janis,Cawdell,03-12-1991,jcawdelll8@deliciousdays.com,m,solution_enabler
rphippinl9,Roddie,Phippin,23-06-1976,rphippinl9@ning.com,m,admin
rbritlandla,Robbin,Britland,25-10-1981,rbritlandla@storify.com,m,tribe_master
bollislb,Benjie,Ollis,20-05-1988,bollislb@so-net.ne.jp,f,solution_enabler
gmendezlc,Gui,Mendez,16-08-1997,gmendezlc@plala.or.jp,m,sr_software_engineer
bmckeachield,Bartholomeus,McKeachie,12-07-2001,bmckeachield@marketwatch.com,m,software_engineer
mbeeckle,Malanie,Beeck,15-02-1999,mbeeckle@seattletimes.com,f,sr_software_engineer
zgodlontonlf,Zacharie,Godlonton,30-09-1981,zgodlontonlf@ehow.com,m,tribe_master
aperottilg,Arlee,Perotti,22-10-1970,aperottilg@devhub.com,m,admin
ohextlh,Olia,Hext,14-06-1978,ohextlh@yale.edu,m,tribe_master
brodolicoli,Bordy,Rodolico,24-03-1998,brodolicoli@sphinn.com,m,sr_software_engineer
mellwelllj,Mattie,Ellwell,20-05-1994,mellwelllj@microsoft.com,m,solution_enabler
pmargrielk,Peyter,Margrie,31-12-1979,pmargrielk@google.ru,m,tribe_master
jkeayll,Julienne,Keay,22-10-1988,jkeayll@disqus.com,m,solution_enabler
nglassmanlm,Nev,Glassman,25-12-1987,nglassmanlm@netvibes.com,m,solution_enabler
pglaisnerln,Percy,Glaisner,11-06-1983,pglaisnerln@chronoengine.com,m,tribe_master
lsainerlo,Leese,Sainer,05-07-1987,lsainerlo@pinterest.com,f,solution_enabler
dfitzpaynlp,Desirae,Fitzpayn,26-10-1974,dfitzpaynlp@geocities.jp,m,admin
anorburylq,Ashly,Norbury,07-05-1975,anorburylq@phpbb.com,m,admin
mtrewekelr,Max,Treweke,06-10-1990,mtrewekelr@weibo.com,m,solution_enabler
vrabatls,Virginie,Rabat,23-03-1981,vrabatls@pen.io,f,tribe_master
gcorradolt,Gayle,Corrado,20-06-2000,gcorradolt@123-reg.co.uk,m,software_engineer
gpippinlu,Gauthier,Pippin,18-02-1997,gpippinlu@tripadvisor.com,f,sr_software_engineer
ikilpinlv,Isadora,Kilpin,28-06-1989,ikilpinlv@harvard.edu,m,solution_enabler
kisakssonlw,Kaitlyn,Isaksson,20-04-1971,kisakssonlw@theatlantic.com,m,admin
jkorblx,Jeff,Korb,18-12-1976,jkorblx@desdev.cn,m,admin
nmardellly,Nikaniki,Mardell,27-02-1988,nmardellly@walmart.com,f,solution_enabler
bgaleslz,Broddy,Gales,01-11-1971,bgaleslz@craigslist.org,m,admin
sschierschm0,Saundra,Schiersch,15-11-1975,sschierschm0@google.com.au,f,admin
rjakewaym1,Rey,Jakeway,25-02-1990,rjakewaym1@ibm.com,m,solution_enabler
bcholmondeleym2,Beverlee,Cholmondeley,28-04-1973,bcholmondeleym2@webs.com,m,admin
pcrickmoorm3,Philis,Crickmoor,14-01-1976,pcrickmoorm3@google.pl,m,admin
ebracknallm4,Egor,Bracknall,25-08-1981,ebracknallm4@hostgator.com,f,tribe_master
mmanachm5,Minnnie,Manach,29-06-1994,mmanachm5@psu.edu,m,solution_enabler
lfleethamm6,Leonie,Fleetham,05-09-1993,lfleethamm6@cnet.com,f,solution_enabler
ydymockm7,Yorgo,Dymock,12-06-1980,ydymockm7@foxnews.com,m,tribe_master
cgallonm8,Cully,Gallon,03-01-1986,cgallonm8@mozilla.com,f,solution_enabler
dclemmittm9,Donnajean,Clemmitt,20-04-1991,dclemmittm9@hao123.com,m,solution_enabler
jreisma,Jobina,Reis,28-06-1999,jreisma@phoca.cz,m,sr_software_engineer
tdundridgemb,Thaine,Dundridge,21-05-1983,tdundridgemb@bandcamp.com,f,tribe_master
rslanymc,Ruperto,Slany,28-06-1970,rslanymc@naver.com,f,admin
mfoddymd,Mayer,Foddy,03-05-1997,mfoddymd@epa.gov,f,sr_software_engineer
vmacphadenme,Vina,MacPhaden,09-09-1978,vmacphadenme@tumblr.com,f,tribe_master
vmityushinmf,Vernen,Mityushin,03-05-1979,vmityushinmf@fema.gov,m,tribe_master
kbeverstockmg,Kayley,Beverstock,11-02-1996,kbeverstockmg@gnu.org,m,sr_software_engineer
mtayspellmh,Mart,Tayspell,25-02-1983,mtayspellmh@google.pl,m,tribe_master
gmckinlessmi,Gustie,McKinless,17-08-1981,gmckinlessmi@hexun.com,f,tribe_master
jarnasonmj,Jacki,Arnason,13-02-1971,jarnasonmj@europa.eu,f,admin
dknightsbridgemk,Darell,Knightsbridge,21-03-1991,dknightsbridgemk@free.fr,m,solution_enabler
ibovingdonml,Ilaire,Bovingdon,26-11-1995,ibovingdonml@microsoft.com,m,sr_software_engineer
dcrinsonmm,Durward,Crinson,22-09-1997,dcrinsonmm@wikispaces.com,m,sr_software_engineer
amilkinmn,Antonetta,Milkin,05-02-1973,amilkinmn@freewebs.com,m,admin
jdigwoodmo,Jaine,Digwood,07-06-1996,jdigwoodmo@nifty.com,m,sr_software_engineer
rcowillmp,Roze,Cowill,14-01-1976,rcowillmp@who.int,m,admin
bcharitymq,Brice,Charity,16-04-1974,bcharitymq@washingtonpost.com,m,admin
lbothrammr,Land,Bothram,02-08-2000,lbothrammr@washingtonpost.com,f,software_engineer
dkenwinms,Deeyn,Kenwin,22-12-1979,dkenwinms@wufoo.com,m,tribe_master
alangelaanmt,Aileen,Langelaan,10-08-2001,alangelaanmt@csmonitor.com,m,software_engineer
bmainstonemu,Blinny,Mainstone,05-06-1970,bmainstonemu@blinklist.com,m,admin
nbascombemv,Norine,Bascombe,24-05-1976,nbascombemv@pcworld.com,m,admin
jkleintmw,Jason,Kleint,05-11-1997,jkleintmw@archive.org,m,sr_software_engineer
lsumptermx,Leela,Sumpter,23-06-1979,lsumptermx@flickr.com,f,tribe_master
pmckirdymy,Phylys,McKirdy,19-06-1973,pmckirdymy@independent.co.uk,m,admin
mgawnmz,Marlon,Gawn,14-11-1982,mgawnmz@craigslist.org,f,tribe_master
lsliden0,Lawton,Slide,26-10-1971,lsliden0@unicef.org,f,admin
cfinlatern1,Coraline,Finlater,27-08-1999,cfinlatern1@ebay.com,m,sr_software_engineer
otyhurstn2,Osgood,Tyhurst,05-02-1982,otyhurstn2@mit.edu,f,tribe_master
swiddalln3,Stinky,Widdall,03-07-1977,swiddalln3@feedburner.com,m,tribe_master
bheapen4,Basilio,Heape,14-07-1983,bheapen4@ihg.com,m,tribe_master
ajakoviljevicn5,Alisun,Jakoviljevic,06-10-1985,ajakoviljevicn5@so-net.ne.jp,m,solution_enabler
hswindlehurstn6,Hailee,Swindlehurst,28-02-1973,hswindlehurstn6@desdev.cn,m,admin
aearngyn7,Adair,Earngy,18-05-1980,aearngyn7@wunderground.com,m,tribe_master
boveryn8,Blake,Overy,01-08-1990,boveryn8@instagram.com,m,solution_enabler
urustedgen9,Ulick,Rustedge,19-12-1990,urustedgen9@economist.com,m,solution_enabler
bhubna,Bary,Hub,06-02-1980,bhubna@ftc.gov,m,tribe_master
ascarlonnb,Arte,Scarlon,15-04-1979,ascarlonnb@ezinearticles.com,m,tribe_master
mwimsnc,Mitchell,Wims,27-09-1999,mwimsnc@ameblo.jp,f,sr_software_engineer
gsundinnd,Godiva,Sundin,14-03-1998,gsundinnd@comsenz.com,m,sr_software_engineer
adykane,Artemis,Dyka,22-01-1979,adykane@yelp.com,m,tribe_master
clyndenf,Cornelia,Lynde,29-04-1983,clyndenf@hubpages.com,m,tribe_master
ggrigoreng,Germayne,Grigore,22-09-1991,ggrigoreng@chronoengine.com,m,solution_enabler
alowlesnh,Anthea,Lowles,10-12-1996,alowlesnh@soundcloud.com,f,sr_software_engineer
estorresni,Essa,Storres,03-02-1972,estorresni@odnoklassniki.ru,m,admin
iherkessnj,Irina,Herkess,21-12-1993,iherkessnj@lulu.com,m,solution_enabler
lvandersonnk,Loralie,Vanderson,08-11-1972,lvandersonnk@gizmodo.com,f,admin
rjaniknl,Rene,Janik,04-06-1972,rjaniknl@yandex.ru,f,admin
bjaynenm,Brynne,Jayne,01-09-1970,bjaynenm@biglobe.ne.jp,m,admin
jchillcotnn,Juliane,Chillcot,27-08-1977,jchillcotnn@businesswire.com,m,tribe_master
baslinno,Beniamino,Aslin,05-02-1996,baslinno@businessinsider.com,f,sr_software_engineer
mpittawaynp,Monty,Pittaway,21-04-1987,mpittawaynp@fastcompany.com,m,solution_enabler
bkestonnq,Bathsheba,Keston,12-12-1988,bkestonnq@mashable.com,m,solution_enabler
dattenboroughnr,Denyse,Attenborough,20-10-2001,dattenboroughnr@wunderground.com,m,software_engineer
clearnedns,Chantal,Learned,19-09-1976,clearnedns@squarespace.com,m,admin
mdiacknt,Moishe,Diack,29-03-1970,mdiacknt@google.com.hk,m,admin
phullinnu,Petrina,Hullin,10-01-1972,phullinnu@liveinternet.ru,f,admin
lhillocknv,Lenore,Hillock,23-09-1993,lhillocknv@deliciousdays.com,f,solution_enabler
ebarlthropnw,Evita,Barlthrop,23-10-1986,ebarlthropnw@csmonitor.com,f,solution_enabler
amcgonigalnx,Antonio,McGonigal,02-05-1971,amcgonigalnx@studiopress.com,m,admin
gchalkeny,Gaile,Chalke,15-04-1984,gchalkeny@posterous.com,f,tribe_master
espadecknz,Elsi,Spadeck,11-05-1984,espadecknz@myspace.com,f,tribe_master
dabeleo0,Dolli,Abele,15-09-2000,dabeleo0@about.com,m,software_engineer
mceschio1,Marika,Ceschi,28-04-1970,mceschio1@sphinn.com,f,admin
dhasnipo2,Domenic,Hasnip,06-08-1988,dhasnipo2@reference.com,f,solution_enabler
lgoltono3,Lacy,Golton,25-07-1984,lgoltono3@blogtalkradio.com,m,tribe_master
kvazo4,Kip,Vaz,20-07-2001,kvazo4@jalbum.net,f,software_engineer
atompsetto5,Alvera,Tompsett,11-09-1988,atompsetto5@senate.gov,m,solution_enabler
ehodgeno6,Edgar,Hodgen,13-09-1973,ehodgeno6@go.com,m,admin
anormanvillo7,Annadiane,Normanvill,18-03-1997,anormanvillo7@sogou.com,m,sr_software_engineer
lhawkeridgeo8,Lamar,Hawkeridge,02-11-1993,lhawkeridgeo8@histats.com,m,solution_enabler
glemmeno9,Giorgia,Lemmen,28-09-1985,glemmeno9@prlog.org,f,solution_enabler
sfeldbergoa,Salvador,Feldberg,29-11-1982,sfeldbergoa@tamu.edu,f,tribe_master
hkellenob,Hymie,Kellen,08-04-1974,hkellenob@edublogs.org,m,admin
mlawelesoc,Mordecai,Laweles,19-04-1986,mlawelesoc@weebly.com,m,solution_enabler
egrebertod,Elissa,Grebert,12-03-1984,egrebertod@soundcloud.com,f,tribe_master
stregidgaoe,Steffi,Tregidga,15-01-1993,stregidgaoe@oaic.gov.au,m,solution_enabler
bstapelsof,Berte,Stapels,19-05-1975,bstapelsof@thetimes.co.uk,m,admin
sborlandog,Shani,Borland,15-04-1980,sborlandog@seesaa.net,m,tribe_master
mcapplemanoh,Margette,Cappleman,27-07-1986,mcapplemanoh@pbs.org,m,solution_enabler
pmcaulayoi,Prinz,McAulay,20-02-1996,pmcaulayoi@furl.net,f,sr_software_engineer
fyglesiaoj,Fletcher,Yglesia,23-07-1989,fyglesiaoj@washingtonpost.com,f,solution_enabler
kdedamok,Kimmie,Dedam,23-09-1997,kdedamok@epa.gov,m,sr_software_engineer
kwadelingol,Kendall,Wadeling,16-06-1992,kwadelingol@sina.com.cn,f,solution_enabler
tbythewayom,Tess,Bytheway,14-06-1978,tbythewayom@gmpg.org,m,tribe_master
esteepleson,Emmit,Steeples,31-10-1996,esteepleson@networksolutions.com,m,sr_software_engineer
mmcdugaloo,Maxine,McDugal,09-05-2000,mmcdugaloo@japanpost.jp,m,software_engineer
cmateikoop,Chrystal,Mateiko,23-10-1976,cmateikoop@macromedia.com,f,admin
jbeeoq,Jessamyn,Bee,06-06-1997,jbeeoq@google.fr,f,sr_software_engineer
mburtwellor,Miquela,Burtwell,30-08-2001,mburtwellor@twitter.com,m,software_engineer
kpinkneyos,Kalila,Pinkney,26-02-1986,kpinkneyos@tamu.edu,m,solution_enabler
kdawdaryot,Kristoffer,Dawdary,05-04-1979,kdawdaryot@parallels.com,m,tribe_master
jkadwalliderou,Jessie,Kadwallider,29-05-1970,jkadwalliderou@npr.org,m,admin
waytoov,Willard,Ayto,04-07-1992,waytoov@wunderground.com,m,solution_enabler
cgoudardow,Carolee,Goudard,10-11-1992,cgoudardow@e-recht24.de,m,solution_enabler
emclorinanox,Evonne,McLorinan,25-09-1984,emclorinanox@imageshack.us,m,tribe_master
aianninioy,Agnes,Iannini,01-06-1972,aianninioy@thetimes.co.uk,f,admin
nmckainoz,Nickolas,McKain,17-06-1993,nmckainoz@rakuten.co.jp,m,solution_enabler
bcavep0,Beniamino,Cave,16-11-1991,bcavep0@google.co.uk,m,solution_enabler
jdradeyp1,Joline,Dradey,26-07-1980,jdradeyp1@hugedomains.com,m,tribe_master
smayp2,Smitty,May,20-01-2000,smayp2@aboutads.info,m,software_engineer
cbarryp3,Charlene,Barry,11-09-1972,cbarryp3@shareasale.com,m,admin
forisp4,Fredrika,Oris,30-03-1980,forisp4@furl.net,m,tribe_master
imoohanp5,Isis,Moohan,07-01-1974,imoohanp5@weebly.com,m,admin
dgusneyp6,Domenico,Gusney,17-02-1993,dgusneyp6@shinystat.com,f,solution_enabler
wenevoldp7,Wood,Enevold,04-01-1983,wenevoldp7@google.co.uk,f,tribe_master
jpachmannp8,Jazmin,Pachmann,01-07-1995,jpachmannp8@businesswire.com,f,sr_software_engineer
thursthousep9,Terrance,Hursthouse,17-09-1983,thursthousep9@constantcontact.com,m,tribe_master
mkuhnhardtpa,Major,Kuhnhardt,17-08-1991,mkuhnhardtpa@theatlantic.com,f,solution_enabler
jcurlepb,Jarrad,Curle,07-09-1986,jcurlepb@smugmug.com,m,solution_enabler
rbernonpc,Rodolph,Bernon,28-06-1991,rbernonpc@sakura.ne.jp,m,solution_enabler
fforsbeypd,Fraser,Forsbey,21-03-1987,fforsbeypd@phpbb.com,m,solution_enabler
eneildpe,Edi,Neild,13-08-1991,eneildpe@youtu.be,m,solution_enabler
wmartynovpf,William,Martynov,02-11-2001,wmartynovpf@myspace.com,f,software_engineer
kcrichmerepg,Kean,Crichmere,07-09-1976,kcrichmerepg@4shared.com,m,admin
tcraythorneph,Theodor,Craythorne,22-03-1982,tcraythorneph@economist.com,m,tribe_master
sbramerpi,Shawn,Bramer,03-03-1989,sbramerpi@youku.com,m,solution_enabler
mmoggachpj,Mohandas,Moggach,03-08-1990,mmoggachpj@columbia.edu,f,solution_enabler
gblazekpk,Gwennie,Blazek,02-07-1980,gblazekpk@ustream.tv,m,tribe_master
rbosquetpl,Reynolds,Bosquet,23-10-1991,rbosquetpl@imdb.com,m,solution_enabler
rstrangpm,Rancell,Strang,10-04-1989,rstrangpm@toplist.cz,f,solution_enabler
bfuttypn,Bibbie,Futty,13-01-1987,bfuttypn@ox.ac.uk,m,solution_enabler
boddypo,Belva,Oddy,22-02-1973,boddypo@so-net.ne.jp,m,admin
zbestwallpp,Zonda,Bestwall,31-03-1994,zbestwallpp@g.co,f,solution_enabler
rdessentpq,Roderick,Dessent,02-03-1990,rdessentpq@1und1.de,f,solution_enabler
aiacobaccipr,Alyss,Iacobacci,13-08-1976,aiacobaccipr@miibeian.gov.cn,m,admin
lpauletps,Lyndell,Paulet,20-12-1979,lpauletps@time.com,m,tribe_master
hketcherpt,Haily,Ketcher,06-10-1995,hketcherpt@wikipedia.org,f,sr_software_engineer
ohancockpu,Ody,Hancock,10-09-1972,ohancockpu@buzzfeed.com,f,admin
somohunpv,Susie,O'Mohun,05-04-1993,somohunpv@flavors.me,m,solution_enabler
abrettonerpw,Adolpho,Brettoner,10-07-1974,abrettonerpw@usa.gov,m,admin
dizkovitzpx,Dorothee,Izkovitz,14-04-1983,dizkovitzpx@mysql.com,f,tribe_master
kseakespy,Kimmi,Seakes,17-02-1974,kseakespy@fastcompany.com,m,admin
dmanilowpz,Dottie,Manilow,14-08-1987,dmanilowpz@mac.com,f,solution_enabler
sjeffryesq0,Sheila-kathryn,Jeffryes,05-04-1984,sjeffryesq0@accuweather.com,f,tribe_master
lskoateq1,Lianne,Skoate,08-09-1983,lskoateq1@webmd.com,f,tribe_master
fplanteq2,Farrell,Plante,02-02-1977,fplanteq2@hugedomains.com,m,tribe_master
nboultwoodq3,Nerti,Boultwood,31-01-1972,nboultwoodq3@networksolutions.com,m,admin
dgarteryq4,Donelle,Gartery,18-02-1995,dgarteryq4@columbia.edu,f,sr_software_engineer
mdomnickq5,Marga,Domnick,28-07-1982,mdomnickq5@discuz.net,m,tribe_master
rmilehamq6,Raul,Mileham,14-10-1970,rmilehamq6@surveymonkey.com,f,admin
bboumphreyq7,Barbabas,Boumphrey,17-03-2001,bboumphreyq7@imdb.com,m,software_engineer
ralwinq8,Renee,Alwin,25-12-1975,ralwinq8@newyorker.com,f,admin
ghissieq9,Geneva,Hissie,11-05-1996,ghissieq9@msn.com,m,sr_software_engineer
htruluckqa,Hirsch,Truluck,23-01-1981,htruluckqa@dmoz.org,f,tribe_master
frollinsqb,Fredericka,Rollins,30-08-1986,frollinsqb@smugmug.com,f,solution_enabler
glanteqc,Griffie,Lante,07-11-1976,glanteqc@nhs.uk,m,admin
karnliqd,Kessia,Arnli,07-06-1994,karnliqd@istockphoto.com,m,solution_enabler
jgiacobbinijacobqe,Jan,GiacobbiniJacob,03-05-1975,jgiacobbinijacobqe@patch.com,f,admin
dkeenleysideqf,Daryl,Keenleyside,04-08-1997,dkeenleysideqf@hhs.gov,f,sr_software_engineer
ltrumperqg,Lyle,Trumper,11-05-1997,ltrumperqg@t.co,f,sr_software_engineer
tcufflinqh,Tildi,Cufflin,24-05-1978,tcufflinqh@clickbank.net,m,tribe_master
bgreensidesqi,Barde,Greensides,07-09-1977,bgreensidesqi@wired.com,m,tribe_master
pjarvieqj,Pammi,Jarvie,23-09-1997,pjarvieqj@ning.com,m,sr_software_engineer
shuglandqk,Sarine,Hugland,10-11-1981,shuglandqk@theglobeandmail.com,m,tribe_master
estrowlgerql,Elga,Strowlger,17-10-1987,estrowlgerql@upenn.edu,m,solution_enabler
cwardhoughqm,Cornie,Wardhough,24-02-1995,cwardhoughqm@apple.com,m,sr_software_engineer
hpettecrewqn,Hubie,Pettecrew,22-04-1989,hpettecrewqn@reverbnation.com,m,solution_enabler
zsaltmarshqo,Zora,Saltmarsh,22-03-1980,zsaltmarshqo@businessinsider.com,m,tribe_master
kheineqp,Kathy,Heine,30-05-1972,kheineqp@prweb.com,m,admin
dsindersonqq,Delmer,Sinderson,05-04-1979,dsindersonqq@nih.gov,m,tribe_master
lingramqr,Langston,Ingram,13-01-1995,lingramqr@taobao.com,f,sr_software_engineer
latyeaqs,Lenard,Atyea,08-10-1980,latyeaqs@washington.edu,m,tribe_master
rheatlieqt,Raymond,Heatlie,13-08-1971,rheatlieqt@so-net.ne.jp,m,admin
egarradqu,Ellen,Garrad,04-05-1986,egarradqu@yelp.com,f,solution_enabler
bspowartqv,Brenn,Spowart,23-10-1979,bspowartqv@skyrock.com,f,tribe_master
ebaldreeqw,Emmit,Baldree,25-09-1988,ebaldreeqw@aboutads.info,m,solution_enabler
jchifneyqx,Jerome,Chifney,26-05-1974,jchifneyqx@virginia.edu,m,admin
tcapronqy,Tyler,Capron,09-08-1980,tcapronqy@tinyurl.com,m,tribe_master
hreapeqz,Herminia,Reape,30-08-1992,hreapeqz@taobao.com,m,solution_enabler
twestmorlandr0,Tildy,Westmorland,22-04-1997,twestmorlandr0@people.com.cn,m,sr_software_engineer
ahanksr1,Asa,Hanks,06-01-1971,ahanksr1@jimdo.com,f,admin
bgolder2,Bel,Golde,01-09-1992,bgolder2@jimdo.com,f,solution_enabler
tallnuttr3,Theodoric,Allnutt,04-02-1976,tallnuttr3@boston.com,m,admin
dhawkenr4,Darlleen,Hawken,20-05-1988,dhawkenr4@unblog.fr,f,solution_enabler
oshieberr5,Ogdon,Shieber,21-02-1970,oshieberr5@mit.edu,m,admin
dvlachr6,Dareen,Vlach,02-09-1974,dvlachr6@fotki.com,m,admin
rgennerr7,Rudolph,Genner,10-08-1994,rgennerr7@nydailynews.com,m,solution_enabler
tgiorgiettor8,Tanney,Giorgietto,14-04-1986,tgiorgiettor8@jugem.jp,m,solution_enabler
lalflattr9,Leland,Alflatt,07-05-1988,lalflattr9@seattletimes.com,m,solution_enabler
qmckinlessra,Quint,McKinless,09-03-1970,qmckinlessra@smh.com.au,m,admin
dhedlestonerb,Dennis,Hedlestone,19-03-1975,dhedlestonerb@newsvine.com,m,admin
aoronanrc,Annabela,O' Ronan,29-10-1997,aoronanrc@illinois.edu,m,sr_software_engineer
gmatkovicrd,Gannon,Matkovic,08-05-1988,gmatkovicrd@booking.com,f,solution_enabler
kcoere,Kali,Coe,31-12-1987,kcoere@cnn.com,f,solution_enabler
vwickardtrf,Verge,Wickardt,26-11-1984,vwickardtrf@tiny.cc,m,tribe_master
mtregennarg,Minetta,Tregenna,14-11-1998,mtregennarg@goo.gl,f,sr_software_engineer
swintertonrh,Sibella,Winterton,28-07-1976,swintertonrh@apache.org,m,admin
acarnellri,Adara,Carnell,14-03-1998,acarnellri@engadget.com,m,sr_software_engineer
dtremoillerj,Durand,Tremoille,21-04-1999,dtremoillerj@phpbb.com,f,sr_software_engineer
flilianrk,Fannie,Lilian,13-03-1973,flilianrk@indiegogo.com,m,admin
dstellinrl,Dione,Stellin,07-04-1975,dstellinrl@facebook.com,m,admin
rslaymakerrm,Reynard,Slaymaker,24-12-1988,rslaymakerrm@storify.com,f,solution_enabler
celphickrn,Charity,Elphick,25-05-1997,celphickrn@uiuc.edu,m,sr_software_engineer
bbaudouinro,Bev,Baudouin,21-11-1973,bbaudouinro@clickbank.net,f,admin
adeluciarp,Ann-marie,Delucia,03-03-1973,adeluciarp@comcast.net,m,admin
gelleringtonrq,Genni,Ellerington,06-10-1988,gelleringtonrq@howstuffworks.com,f,solution_enabler
hpawleyrr,Hillier,Pawley,21-09-1983,hpawleyrr@craigslist.org,f,tribe_master
